LGA,Name,Rating,Address,Phone,Website,Scraped Email,Scraped Phone
Banyule (C),AFPG (formerly Warringal Financial Services),5.0,"2/17 Burgundy St, Heidelberg VIC 3084",,http://www.afpg.com.au/,N/A,"2021-05-18, 66 050 139 850, 1300 737 526, 1300737526"
Banyule (C),NP Financial Services Pty Ltd,5.0,"3/5 Tobruk Ave, Heidelberg West VIC 3081",,,N/A,N/A
Banyule (C),Aqua Financial Services,5.0,"20A Commercial Pl, Eltham VIC 3095",,http://www.aquafs.com.au/,N/A,1800 278 237
Banyule (C),Financial Life Balance,5.0,"210 Lower Heidelberg Rd, Ivanhoe East VIC 3079",,http://financiallifebalance.com.au/,"colin@flb.net.au, ask@flb.net.au, vito@flb.net.au, david@flb.net.au","1300 667 352, 92 106 295 210, 24 167 151 420, 104 795 520"
Banyule (C),Clark Finance Group,4.9,"1/85-87 Grimshaw St, Greensborough VIC 3088",,https://clarkfinancegroup.com.au/?utm_campaign=GMB&utm_medium=web-mobile&utm_source=google,N/A,1300 366 670
Banyule (C),Banyule Business Services,0.0,"1 Fairy St, Ivanhoe VIC 3079",,http://www.banyulebs.com.au/,N/A,N/A
Banyule (C),Lifecare Financial Services,5.0,"109/12 Ormond Blvd, Bundoora VIC 3083",,,N/A,N/A
Banyule (C),TIS Financial Planning Pty Ltd,5.0,"24/2 Enterprise Dr, Bundoora VIC 3083",,http://www.tis.net.au/,N/A,N/A
Banyule (C),Genuine Taxation Services and AGP Financial Services,5.0,"Suite 143, Waterman Bundoora, Tenancy 202 level 2/1/3 Janefield Dr, Bundoora VIC 3083",,,N/A,N/A
Banyule (C),Main Financial Services,0.0,"734 Main Rd, Eltham VIC 3095",,,N/A,N/A
Melbourne (C),State Financial Services Australia,5.0,"Level 3/480 Collins St, Melbourne VIC 3000",,http://www.statefinancial.com.au/,N/A,N/A
Melbourne (C),Melbourne Finance Services,5.0,"Suite 23/204 Dryburgh St, North Melbourne VIC 3051",,https://melbourne.finance/,hello@melbourne.finance,N/A
Melbourne (C),Capital Finance Australia Limited,1.5,"2/525 Collins St, Melbourne VIC 3000",,http://www.capitalfinance.com.au/,N/A,23 069 663 136
Melbourne (C),Carrington Myers Financial Services,5.0,"90 Collins St, Melbourne VIC 3000",,https://www.cmfinancialservices.com.au/,N/A,N/A
Melbourne (C),Zurich Financial Services Australia Ltd,2.1,"Level 49/600 Bourke St, Melbourne VIC 3000",,http://www.zurich.com.au/,N/A,N/A
Melbourne (C),First Financial Melbourne,4.0,"level 9/90 Collins St, Melbourne VIC 3000",,https://firstfinancial.com.au/,N/A,"03 9909 5800, 15 167 177 817"
Melbourne (C),Rising Tide Financial Services,5.0,"Office 34/470 St Kilda Rd, Melbourne VIC 3004",,https://risingtidefinancial.com.au/,N/A,N/A
Melbourne (C),Australian Financial Planning Group (AFPG) Pty Ltd,5.0,"6/412 St Kilda Rd, Melbourne VIC 3004",,http://www.afpg.com.au/,N/A,"2021-05-18, 66 050 139 850, 1300 737 526, 1300737526"
Melbourne (C),Strategic Financial Group Australia,0.0,"Suite 2, Level 7/85 Queen St, Melbourne VIC 3000",,,N/A,N/A
Melbourne (C),Shadforth Financial Group,5.0,"Level 7/161 Collins St, Melbourne VIC 3000",,https://www.sfg.com.au/,N/A,"1800 501 203, 2025-01-13 14, 27 127 508 472, 2025-01-13 13, 2025-01-13 04"
Ballarat (C),SJ Butler Financial Service,4.8,"214 Mair St, Ballarat Central VIC 3350",,https://sjbutler.com.au/,"info@sjbutler.com.au, office.ny@ratio.com","202 0000 001, 03 5331 9995, 03 5332 6988"
Ballarat (C),Fiducian Financial Services,5.0,"Suite 13/706 Sturt St, Ballarat Central VIC 3350",,https://fiducianfs.com.au/,N/A,N/A
Ballarat (C),Central Highland Financial Services,0.0,"6 Lowe St, Ballarat Central VIC 3350",,,N/A,N/A
Ballarat (C),Bridges Financial Services,0.0,"Office 26, Level 1/110 Creswick Rd, Ballarat Central VIC 3350",,https://www.bridges.com.au/,N/A,60 003 474 977
Ballarat (C),Shadforth Financial Group,5.0,"Ground Floor/110 Creswick Rd, Ballarat Central VIC 3350",,https://www.sfg.com.au/,N/A,"1800 501 203, 2025-01-13 14, 27 127 508 472, 2025-01-13 13, 2025-01-13 04"
Ballarat (C),CBS Financial,4.5,"Level 1/13 Doveton St N, Ballarat Central VIC 3350",,http://www.cbsfin.com.au/,N/A,35 002 976 294
Ballarat (C),Sovereign Financial Group Pty,5.0,"909b Sturt St, Ballarat Central VIC 3350",,https://sovereignfinancial.com.au/,N/A,N/A
Ballarat (C),Blue Financial Ballarat | Retirement Planning,5.0,"17 Dana St, Ballarat Central VIC 3350",,https://bluefinancialballarat.com.au/,N/A,N/A
Ballarat (C),Gerard Faulkner Financial Services,5.0,"108 Lydiard St N, Ballarat Central VIC 3350",,http://www.gffinancialservices.com.au/,N/A,"03 5331 1063, 32 361 928 456"
Ballarat (C),ResiCorp Finance,5.0,"Flecknoe Building, 124 Albert St, Ballarat Central VIC 3350",,http://www.resicorpfinance.com.au/,"info@resicorpfinance.com.au, 4567info@test.comMy","17 901 126 516, 066 385 822, +321 123 4567, 03 43 444 111"
Warrnambool (C),Morgans Financial Limited - Warrnambool,4.2,"259 Timor St, Warrnambool VIC 3280",,https://morgans.com.au/warrnambool?utm_source=GMB&utm_medium=website&utm_term=plcid_2581195465192705845,N/A,N/A
Warrnambool (C),Cameron Financial Services,0.0,"15 Wells St, Warrnambool VIC 3280",,https://camfs.smartonline.com.au/,N/A,"0439 899 335, 23 640 170 512"
Warrnambool (C),Silvan Ridge Wealth,4.9,"132a Lava St, Warrnambool VIC 3280",,http://www.silvanridge.com.au/,N/A,"35 002 976 294, 1300 157 173, 16 061 527 130"
Warrnambool (C),McLaren Hunt Financial Group,3.0,"199 Koroit St, Warrnambool VIC 3280",,http://www.mclarenhunt.com.au/,admin@mhfg.com.au,+61 3 5562 3544
Warrnambool (C),Ambleside Wealth Advisers,5.0,"129 Kepler St, Warrnambool VIC 3280",,https://www.ambleside.net.au/,N/A,"52 917 438 707, 65 006 373 995"
Warrnambool (C),Westamp Financial Services,0.0,"222 Lava St, Warrnambool VIC 3280",,,N/A,N/A
Warrnambool (C),BWC Wealth Partners,0.0,"59 Banyan St, Warrnambool VIC 3280",,,N/A,N/A
Warrnambool (C),Prestige Financial Planning,0.0,"164 Liebig St, Warrnambool VIC 3280",,,N/A,N/A
Warrnambool (C),Fennell West | Financial Freedom | Warrnambool,0.0,"118 Koroit St, Warrnambool VIC 3280",,http://fennellwest.com.au/,N/A,N/A
Warrnambool (C),SHB Business & Wealth Advisers,5.0,"78 Henna St, Warrnambool VIC 3280",,http://www.shbbusiness.com.au/,office@shbbusiness.com.au,"55 618 618, 55 618 600"
Mansfield (S),Financial Services Council,3.5,"Level 30, Suite 30.01, Level 30/9 Castlereagh St, Sydney NSW 2000",,https://www.fsc.org.au/,N/A,"82080744163, 0423 576 999"
Mansfield (S),Mansfield Property Advisory Pty Ltd.,0.0,"Level 11/50 Clarence St, Sydney NSW 2000",,http://mpa.property/,Advisory+61407246320dmansfield@mpa.property,+61407246320
Mansfield (S),Alliance Group Mansfield,5.0,"60 High St, Mansfield VIC 3722",,,N/A,N/A
Mansfield (S),Koa Private Wealth,5.0,"30E High St, Mansfield VIC 3722",,http://koaprivatewealth.com.au/,info@koaprivatewealth.com.auFrom,"0402 206 655, 40 632 421 151"
Mansfield (S),Mansfield Financial Planning,0.0,"11 Collopy St, Mansfield VIC 3722",,http://www.mansfieldfp.com.au/,N/A,N/A
Mansfield (S),Mansfield Professional Group,0.0,"11 Collopy St, Mansfield VIC 3722",,,N/A,N/A
Hobsons Bay (C),Hobsons Bay Community Financial Services,0.0,"26 Aviation Rd, Laverton VIC 3028",,,N/A,N/A
Hobsons Bay (C),Pearl Financial Services Pty Ltd,5.0,"17 Orange St, Williamstown North VIC 3016",,,N/A,N/A
Hobsons Bay (C),Greer Financial Service,5.0,"1/35 Ferguson St, Williamstown VIC 3016",,https://www.greerfinancial.com.au/,N/A,N/A
Hobsons Bay (C),Money Coaches Financial Planning,5.0,"76 Railway St S, Altona VIC 3018",,https://www.moneycoaches.amp.com.au/,N/A,N/A
Wangaratta (RC),EJM Advice,5.0,"7 Ely St, Wangaratta VIC 3677",,http://www.ejm.com.au/,N/A,N/A
Wangaratta (RC),Templeton Advice Group (formerly RetireInvest Wangaratta),5.0,"16 Templeton St, Wangaratta VIC 3677",,http://www.templetonadvicegroup.com.au/,cso@templetonadvicegroup.com.au,N/A
Wangaratta (RC),Unbound Financial Pty ltd,5.0,"4 Ford St, Wangaratta VIC 3677",,https://www.unboundfinancial.com.au/,N/A,"89 653 321 487, 0412 389 355, 97 671 600 356"
Wangaratta (RC),Choice Finance Specialists,5.0,"3 Victoria Parade, Wangaratta VIC 3677",,http://www.choicefinancespecialists.com.au/,N/A,N/A
Wangaratta (RC),LifeTime Solutions,0.0,"31 Baker St, Wangaratta VIC 3677",,https://www.lifetimesolutions.com.au/,N/A,N/A
Wangaratta (RC),Yellow Brick Road Wangaratta,5.0,"2/54 Ovens St, Wangaratta VIC 3677",,https://ybr.com.au/mortgage-brokers/wangaratta/,N/A,N/A
Wangaratta (RC),Financial Momentum,0.0,"23 Ely St, Wangaratta VIC 3677",,https://financialmv.com.au/,N/A,N/A
Wangaratta (RC),McLaurin Financial Planning,0.0,"Wang Central, Suite 8, 8/10 Tone Rd, Wangaratta VIC 3677",,http://www.mclaurinfp.com.au/,info@mclaurinfp.com.au,03 57 525636
Wangaratta (RC),George Laurens (N E) Pty LTD,0.0,"1/117 Murphy St, Wangaratta VIC 3677",,,N/A,N/A
Wangaratta (RC),Mortgage Choice Broker Wangaratta - Pene McIntyre,5.0,"7 Ely St, Wangaratta VIC 3677",,https://www.mortgagechoice.com.au/pmcintyre/?utm_source=google&utm_medium=organic&utm_campaign=Google-My-Business&utm_content=Mortgage-Choice-Broker-Wangaratta---Pene-McIntyre&utm_term=plcid_14037891655770131983,N/A,N/A
Port Phillip (C),M.A. Financial Services Group,5.0,"Suite D21/63-85 Turner St, Port Melbourne VIC 3207",,,N/A,N/A
Port Phillip (C),Steve Tully | Port Finance Group,5.0,"Level 5/11 Wilson St, South Yarra VIC 3141",,https://www.portfinance.com.au/,N/A,N/A
Port Phillip (C),Rising Tide Financial Services,5.0,"Office 34/470 St Kilda Rd, Melbourne VIC 3004",,https://risingtidefinancial.com.au/,N/A,N/A
Port Phillip (C),Port Finance Group,5.0,"L5/11 Wilson St, South Yarra VIC 3141",,https://portfinance.com.au/,N/A,N/A
Port Phillip (C),Orange Financial Services,0.0,"57 Rouse St, Port Melbourne VIC 3207",,,N/A,N/A
Port Phillip (C),Southgate Financial Services,4.2,"3/3 Rocklea Dr, Port Melbourne VIC 3207",,http://www.southgatefinancial.com.au/,N/A,N/A
Port Phillip (C),Concinnate Financial Services,5.0,"60 Crockford St, Port Melbourne VIC 3207",,https://concinnatefs.smartonline.com.au/,N/A,"44 747 537 910, 0413 041 646"
Port Phillip (C),Frost Financial Services,0.0,"119 Salmon St, Port Melbourne VIC 3207",,http://frostfinancial.com.au/,shaun@frostfinancial.com.auFinancial,"0418 343 150, 069 537 855"
Port Phillip (C),GBA Financial Services,0.0,"Level 5/111 Cecil St, South Melbourne VIC 3205",,http://www.gbafinancial.com.au/,N/A,N/A
Port Phillip (C),Australian Financial Planning Group (AFPG) Pty Ltd,5.0,"6/412 St Kilda Rd, Melbourne VIC 3004",,http://www.afpg.com.au/,N/A,"2021-05-18, 66 050 139 850, 1300 737 526, 1300737526"
Mitchell (S),Wholistic Financial Solutions,4.5,"5/133 Flemington Rd, Mitchell ACT 2911",,https://www.wfscanberra.com.au/,N/A,N/A
Mitchell (S),Freedom Financial Superannuation Solutions,5.0,"5/44 Hoskins St, Mitchell ACT 2911",,https://www.freedomsuper.com.au/,N/A,N/A
Mitchell (S),Peter Mitchell Financial Services,5.0,"68 Pakenham St, Echuca VIC 3564",,,N/A,N/A
Mitchell (S),MST Financial Services Pty Ltd,0.0,"Level 13/14 Martin Pl, Sydney NSW 2000",,http://www.mstfinancial.com.au/,N/A,N/A
Mitchell (S),Sydney Financial Group Pty Ltd,4.9,"Level 5 Suite 2/1C Homebush Bay Dr, Rhodes NSW 2138",,http://sydneyfg.com.au/,N/A,N/A
Mitchell (S),Distinctive Finance,5.0,"Suite 11, Level 13/3 Spring St, Sydney NSW 2000",,http://distinctivefinance.com.au/,enquiry@distinctivefinance.com.au,"37620003885, 02 8249 4527"
Mitchell (S),Maclean Financial & Accounting,4.7,"Level 2/40 Ricketty St, Mascot NSW 2020",,http://www.macleanfinancial.com.au/,N/A,"02 9073 7903, 21 619 634 945"
Mitchell (S),Adviser Ratings,3.7,"Level 22, Tower 3/300 Barangaroo Ave, Barangaroo NSW 2000",,http://www.adviserratings.com.au/,N/A,18 154 273 640
Mitchell (S),Wickens Mitchell,5.0,"Suite 616/55 Miller St, Pyrmont NSW 2009",,,N/A,N/A
Mitchell (S),Shaw and Partners Limited,3.9,"Chifley Tower, Level 7/2 Chifley Square, Sydney NSW 2000",,https://www.shawandpartners.com.au/,N/A,N/A
Moonee Valley (C),SMJ Financial Services,5.0,"292 Maribyrnong Rd, Moonee Ponds VIC 3039",,http://www.smjfs.com.au/,N/A,N/A
Moonee Valley (C),PFG Financial Services,5.0,"337 Ascot Vale Rd, Moonee Ponds VIC 3039",,http://www.pfg.com.au/,clientservices@pfg.com.au,"23 052 977 189, 50 679 416 839, 89 051 208 327, 16 1691 103"
Moonee Valley (C),Hanna Financial Group,4.0,"292 Maribyrnong Rd, Moonee Ponds VIC 3039",,,N/A,N/A
Moonee Valley (C),Moneyplan Australia (MP),4.9,"22B/80 Keilor Rd, Essendon North VIC 3041",,http://www.moneyplan.com.au/,"finance@moneyplan.com.au, 1133finance@moneyplan.com.au","03 9374 1133, 006 385 137, 34 006 385 137"
Moonee Valley (C),Finwell Group,5.0,"Level 1/39 Hall St, Moonee Ponds VIC 3039",,https://finwellgroup.com.au/,N/A,N/A
Moonee Valley (C),Harrod Financial Services,0.0,"5 Everage St, Moonee Ponds VIC 3039",,,N/A,N/A
Greater Bendigo (C),Bendbal Financial Services,5.0,"141 View St, Bendigo VIC 3550",,https://www.bendbal.com.au/,"adam@bendbal.com.au, jase@bendbal.com.au, info@bendbal.com.au","18 009 129 793, 0419 004 723, 03 5444 1110, 0423 515 893"
Greater Bendigo (C),Bendigo Family & Financial Services Inc.,4.6,"39 Rowan St, Bendigo VIC 3550",,http://www.bendigofamilyandfinancialservices.org/,N/A,"2022-05-16, 2023-06-07"
Greater Bendigo (C),Aspire Financial Services Pty Ltd,5.0,"15 Phillip St, East Bendigo VIC 3550",,http://aspirefinancialservices.com.au/,jason@aspirefinancialservices.com.au,"117 651 760, 0402 726 507"
Greater Bendigo (C),Rechter Financial Services,5.0,"Level 1/118 King St, Bendigo VIC 3550",,http://rechterfs.com.au/,Australiaadmin@rechterfs.com.au,"72 750 305 681, 24 167 151 420"
Greater Bendigo (C),Bridges Financial Services,0.0,"124 Mollison St, Bendigo VIC 3550",,http://www.bridges.com.au/,N/A,60 003 474 977
Greater Bendigo (C),Results Financial Services PTY Ltd.,0.0,"5 Edward St, Bendigo VIC 3550",,https://www.resultsfinancial.com.au/,CONTACTadmin@resultsfinancial.com.au,"47 076 742 633, 322030 - 32, 1300 796 663"
Greater Bendigo (C),Beattie Financial Services Pty Ltd,4.5,"165 Queen St, Bendigo VIC 3550",,http://www.beattiefs.com.au/,N/A,98 876 543 472
Greater Bendigo (C),Colonial Financial Services PTY Ltd.,0.0,"486 Hargreaves St, Bendigo VIC 3550",,,N/A,N/A
Greater Bendigo (C),Coulson Financial Services,0.0,"118 King St, Bendigo VIC 3550",,https://www.coulsonfinancial.com.au/,N/A,"97 799 865 395, 03 5441 1477, 3550      03 5, 71 069 537 855, 3109      03 8, 03 8848 3300, 03 9723 0522"
Greater Bendigo (C),Select Financial Services,4.9,"19A High St, Eaglehawk VIC 3556",,http://www.selectfs.net.au/,"admin@selectfs.net.auOur, admin@selectfs.net.au",72 152 116 884
Central Goldfields (S),Central Goldfields,,"Central Goldfields, VIC",,,N/A,N/A
Central Goldfields (S),Central Goldfields Taxation,0.0,"1/188 High St, Maryborough VIC 3465",,,N/A,N/A
Central Goldfields (S),Bridges Financial Services,0.0,"Office 26, Level 1/110 Creswick Rd, Ballarat Central VIC 3350",,https://www.bridges.com.au/,N/A,60 003 474 977
Central Goldfields (S),Castlemaine Financial Services,5.0,"12 Mostyn St, Castlemaine VIC 3450",,http://www.castlemainefinancial.com.au/,N/A,N/A
Central Goldfields (S),Central Highland Financial Services,0.0,"6 Lowe St, Ballarat Central VIC 3350",,,N/A,N/A
Central Goldfields (S),Insurance Advisernet - Fortify Insurance Solutions,5.0,"1 High St, Maryborough VIC 3465",,https://insuranceadviser.net/fortifyinsurance,"info@iaa.net.au, dionne@fortifyinsurance.com.au","29 137 811 244, 1300 831 094, 0420 557 452, 1300 366 085, 7251097873029, 137 811 244"
Central Goldfields (S),Sovereign Financial Group Pty,5.0,"909b Sturt St, Ballarat Central VIC 3350",,https://sovereignfinancial.com.au/,N/A,N/A
Central Goldfields (S),Central Goldfields Shire Council,2.8,"12-22 Nolan St, Maryborough VIC 3465",,,N/A,N/A
Central Goldfields (S),International Taxation Services Pty Ltd,5.0,"82 Clarendon St, Maryborough VIC 3465",,https://www.itsaust.net.au/,N/A,"03 9614 6311, 03 5461 3466, 03 5461 4493, 03 9614 6911"
East Gippsland (S),East Gippsland Financial Services,2.0,"Level 1/63 Esplanade, Paynesville VIC 3880",,http://www.egfs.com.au/,info@egfs.com.au,"03 5156 0066, 0428 317 221, 0408 317 221"
East Gippsland (S),Financial Solutions Victoria Pty Ltd,5.0,"46 Bailey St, Bairnsdale VIC 3875",,http://www.finsolvic.com.au/,N/A,11 617 276 990
East Gippsland (S),Mercury Financial Services,5.0,"Unit 10/80-88 Main St, Bairnsdale VIC 3875",,https://www.mercuryfs.com.au/,N/A,N/A
East Gippsland (S),Shadforth Financial Group,0.0,"183 Main St, Bairnsdale VIC 3875",,http://www.sfg.com.au/,N/A,"1800 501 203, 2025-01-13 14, 27 127 508 472, 2025-01-13 13, 2025-01-13 04"
East Gippsland (S),GL Financial Group,0.0,"111 Main St, Bairnsdale VIC 3875",,,N/A,N/A
East Gippsland (S),Gippsland Finance Solutions Bairnsdale,5.0,"118 Macleod St, Bairnsdale VIC 3875",,http://www.gippsfinance.com.au/?utm_source=google&utm_medium=organic&utm_campaign=gmb,N/A,N/A
East Gippsland (S),Sterling Grange Financial Planning,4.7,"345 Main St, Bairnsdale VIC 3875",,http://www.sterlinggrange.com.au/,"nick@sterlinggrange.com.au, info@sterlinggrange.com.au, jake@sterlinggrange.com.au","0400 574 900, 03 5141 0055, 0408 569 392, 34 122 486 935"
East Gippsland (S),Hillross Bairnsdale,0.0,"111 Main St, Bairnsdale VIC 3875",,https://www.hillross.com.au,N/A,77 003 323 055
East Gippsland (S),The Rural Financial Counselling,0.0,"Shop 2/210-212 Main St, Bairnsdale VIC 3875",,,N/A,N/A
East Gippsland (S),Rural Financial Counselling Service Victoria Gippsland,0.0,"1 Stratford Rd, Maffra VIC 3860",,https://ruralfinancialcounselling.org.au/,N/A,"52091551739, 1300 045 747, 2024-12-18"
Boroondara (C),H & C Financial Partners,5.0,"711 High St, Kew East VIC 3102",,http://www.hcfp.com.au/,N/A,03 9021 2089
Boroondara (C),AUSUN Finance,5.0,"369 Camberwell Rd, Camberwell VIC 3124",,http://www.ausunfinance.com.au/?utm_source=google&utm_medium=map&utm_campaign=websiteclick,info@ausunfinance.com.au,"1300 122 008, 117 651 760"
Boroondara (C),Salt Financial Group Pty Ltd,4.8,"Level 1 Suite 1/695 Burke Rd, Camberwell VIC 3124",,https://www.saltfinancialgroup.com.au/,"info@SaltFinancialGroup.com.au, info@saltfinancialgroup.com.au","+61 3 9088 4777, 03 9088 4777, 33 634 254 667, 53 669 975 428, 0483 925 655"
Boroondara (C),Link Wealth Group Pty Ltd,4.9,"Level 1/689 Burke Rd, Camberwell VIC 3124",,https://www.linkwealth.com.au/,N/A,N/A
Boroondara (C),BG Private (formerly Banks Group),4.9,"801 Glenferrie Rd, Hawthorn VIC 3122",,https://bgprivate.com.au/,N/A,"+61 3 9810 0700, 14 127 520 558, 90 714 046 150, 72 621 816 466"
Boroondara (C),GFM Wealth Advisory,5.0,"190 Through Rd, Camberwell VIC 3124",,https://www.gfmwealth.com.au/,N/A,69 006 679 394
Boroondara (C),FC Financials Pty Ltd - HQ,5.0,"551 Glenferrie Rd, Hawthorn VIC 3122",,http://fcfinancials.com.au/,info@fcfinancials.com.au,"1300 003 999, 33 633 802 623"
Boroondara (C),Melbourne Finance,4.0,"Level 1/2 Roche St, Hawthorn VIC 3122",,http://www.melbournefinance.com.au/,N/A,N/A
Boroondara (C),Sovereign Financial Group,5.0,"2/789 Toorak Rd, Hawthorn East VIC 3123",,http://www.sovereignfinancial.com.au/,N/A,N/A
Boroondara (C),Michael Roach Financial Solutions,4.8,"Suite 201/697 Burke Rd, Camberwell VIC 3124",,http://www.michaelroach.com.au/,info@roachfs.com,"99 625 861 134, 150 670 269, 1300 80 58 00"
Stonnington (C),Battistella Financial Services,5.0,"Toorak Business Centre, 217/19 Milton Parade, Malvern VIC 3144",,http://www.battistellafs.com.au/,clientservices@battistellafs.com.au,"78 128 239 305, 03 9832 0768, 91 607 515 122"
Stonnington (C),Jims Financial Services,5.0,"Level 3/159 High St, Prahran VIC 3181",,http://www.jimsfinancialservices.com.au/,N/A,N/A
Stonnington (C),TAG Financial Services Pty Ltd,4.6,"17 Station St, Malvern VIC 3144",,https://tagfinancial.com.au/,N/A,"67 075 374 686, 77 154 205 017"
Stonnington (C),Segue Financial Services,5.0,"2/307 Wattletree Rd, Malvern East VIC 3145",,https://segue.com.au/,spp@segue.com.au,N/A
Stonnington (C),Link Financial Services,5.0,"205 Balaclava Rd, Caulfield North VIC 3161",,http://www.linkfs.com.au/,N/A,N/A
Stonnington (C),Rising Tide Financial Services,5.0,"Office 34/470 St Kilda Rd, Melbourne VIC 3004",,https://risingtidefinancial.com.au/,N/A,N/A
Stonnington (C),Financial Service Partners,0.0,"2-6 Glenferrie Rd, Malvern VIC 3144",,,N/A,N/A
Stonnington (C),Ross Johnston Financial Adviser,5.0,"409 Waverley Rd, Malvern East VIC 3145",,,N/A,N/A
Stonnington (C),Unite Wealth,5.0,"Waterman Business Centre, Chadstone VIC 3148",,http://www.unitewealth.com.au/,N/A,"23 065 921 735, 31480411023954"
Stonnington (C),Australian Financial Planning Group (AFPG) Pty Ltd,5.0,"6/412 St Kilda Rd, Melbourne VIC 3004",,http://www.afpg.com.au/,N/A,"2021-05-18, 66 050 139 850, 1300 737 526, 1300737526"
Darebin (C),Fundzcorp Financial Services,0.0,"157 High St, Preston VIC 3072",,http://www.fundzcorp.com.au/,N/A,N/A
Darebin (C),Trident Finance,5.0,"567 High St, Preston VIC 3072",,https://tridentfinance.com/,N/A,N/A
Darebin (C),NP Financial Services Pty Ltd,5.0,"3/5 Tobruk Ave, Heidelberg West VIC 3081",,,N/A,N/A
Darebin (C),Southbank Financial Services Pty Ltd,0.0,"Suite 2/83 Station St, Fairfield VIC 3078",,,N/A,N/A
Darebin (C),Retirement Income and Aged Care,5.0,"964 High St, Reservoir VIC 3073",,http://www.riri.com.au/,Service@riri.com.auA,"12 348 213 209, 03 9471 0080, 14 076 093 680"
Darebin (C),Melbourne East Insurance & Financial Planning Services,0.0,"232 High St, Preston VIC 3072",,http://www.melbeastfp.com.au/,melfps@teksupport.net.auPrivacyGeneral,"65 006 373 995, 0412 324 446"
Darebin (C),Melbourne Finance Services,5.0,"Suite 23/204 Dryburgh St, North Melbourne VIC 3051",,https://melbourne.finance/,hello@melbourne.finance,N/A
Darebin (C),AFPG (formerly Warringal Financial Services),5.0,"2/17 Burgundy St, Heidelberg VIC 3084",,http://www.afpg.com.au/,N/A,"2021-05-18, 66 050 139 850, 1300 737 526, 1300737526"
Darebin (C),H & C Financial Partners,5.0,"711 High St, Kew East VIC 3102",,http://www.hcfp.com.au/,N/A,03 9021 2089
Darebin (C),Concise Financial Services,5.0,"477A Sydney Rd, Brunswick VIC 3056",,http://concisefinancial.com.au/,admin@concisefs.com.au,03 9387 3171
Latrobe (C),Chameleon Financial,0.0,"in Barclay Lane 2, 70 Gilbert St, Latrobe TAS 7307",,,N/A,N/A
Latrobe (C),Financial Services Council,3.5,"Level 30, Suite 30.01, Level 30/9 Castlereagh St, Sydney NSW 2000",,https://www.fsc.org.au/,N/A,"82080744163, 0423 576 999"
Latrobe (C),The Tax Centre Latrobe,3.7,"132 Gilbert St, Latrobe TAS 7307",,,N/A,N/A
Greater Shepparton (C),Shepparton Family and Financial Services,4.6,"1 Naomi St, Shepparton VIC 3630",,http://www.bffs.org.au/,N/A,"2022-05-16, 2023-06-07"
Greater Shepparton (C),Rba Financial Group,0.0,"493 Wyndham St, Shepparton VIC 3630",,http://www.rbafinancial.com.au/,info@rbafinancial.com.au,"63 005 932 909, 27 007 261 083"
Greater Shepparton (C),Pat Mei Financial Services,0.0,"164 Welsford St, Shepparton VIC 3630",,,N/A,N/A
Greater Shepparton (C),Sofcorp Financial Services,5.0,"96 Wyndham St, Shepparton VIC 3630",,http://www.sofcorp.com.au/,N/A,N/A
Greater Shepparton (C),Chalmers Private Wealth,5.0,"60 Railway Parade, Shepparton VIC 3630",,http://www.cpwealth.net.au/,N/A,"644 663 758, 97 145 241 210"
Greater Shepparton (C),OzPlan Financial Services,5.0,"120 Nixon St, Shepparton VIC 3630",,https://www.mbmgroup.com.au/,N/A,"35 005 391 202, 03 5821 9177, 67 163 906 876"
Greater Shepparton (C),RI Advice Group Pty Ltd,0.0,"137 Maude St, Shepparton VIC 3630",,,N/A,N/A
Greater Shepparton (C),The Banksia Financial Group,0.0,"159 Welsford St, Shepparton VIC 3630",,,N/A,N/A
Greater Shepparton (C),The Banksia Financial Group,0.0,"284 Wyndham St, Shepparton VIC 3630",,,N/A,N/A
Greater Shepparton (C),GV Financial Advisory,0.0,"Suite 4A/1-11 High St, Shepparton VIC 3630",,http://www.gvfa.com.au/,N/A,N/A
Buloke (S),Buloke,,"Buloke, VIC",,,N/A,N/A
Wellington (S),Wellington Management Australia Pty Ltd,0.0,"Salesforce Tower Sydney, Level 30/180 George St, Sydney NSW 2000",,http://www.wellington.com/,N/A,2026-01-31
Wellington (S),Bridges Financial Services Pty Limited,0.0,"Level 19/91 King William St, Adelaide SA 5000",,https://www.bridges.com.au/,N/A,60 003 474 977
Wellington (S),South Australian Financial Counsellors Association,0.0,"15/17 Glynburn Rd, Glynde SA 5070",,http://safca.org.au/,"Ussafca@safca.org.auHome, 0898safca@safca.org.aufacebooklinkedinToggle",08 8337 0898
Wellington (S),Findex Wellington,5.0,"96 Lee St, Wellington NSW 2820",,https://www.findex.com.au/office/wellington?utm_source=gmb&utm_medium=organic&utm_campaign=brand+general&utm_content=wellington,N/A,N/A
Moorabool (S),Aussiewide Financial Services Geelong,5.0,"255 Moorabool St, Geelong VIC 3220",,http://aussiewidefs.com.au/,N/A,N/A
Moorabool (S),Morris Finance,4.6,"Level 7/60 Moorabool St, Geelong VIC 3220",,http://www.morrisfinance.com.au/,N/A,"70 083 630 139, 03 5223 3453"
Moorabool (S),Performa Financial Services Pty Ltd,0.0,"83 Moorabool St, Geelong VIC 3220",,,N/A,N/A
Moorabool (S),Community Financial Services,0.0,"80 Pakington St, Geelong West VIC 3218",,http://communityfinancial.com.au/,N/A,N/A
Moorabool (S),The Banksia Financial Group,0.0,"199 Moorabool St, Geelong VIC 3220",,,N/A,N/A
Moorabool (S),Muirfield Financial Services Geelong,5.0,"3/400 Pakington St, Newtown VIC 3220",,http://www.muirfieldfs.com.au/,N/A,1300 242 700
Moorabool (S),Vista Financial Group,5.0,"3/16 James St, Geelong VIC 3220",,https://www.vistafinancial.com.au/,3193hello@vistafinancial.com.auwww.vistafinancial.com.auAbout,"03 9598 8002, 13 085 335 397, 325003 4223 80, 319303 9598 80"
Moorabool (S),Bridges Financial Services,0.0,"100 Brougham St, Geelong VIC 3220",,http://www.bridges.com.au/,N/A,60 003 474 977
Moorabool (S),Miller Wealth Group Pty Ltd,5.0,"2 Downes Ln, Geelong VIC 3220",,https://millerwealthgroup.com.au/,valued@millerwealthgroup.com.au,"31 628 381 359, 03 4250 8001"
Moorabool (S),Fiducian Financial Services Geelong,0.0,"72-76 Ryrie St, Geelong VIC 3216",,http://www.fiducian.com.au/,N/A,"41 602 423 610, 46 094 765 134"
Macedon Ranges (S),Bendigo Bank,5.0,"11 Nexus Way, Gisborne VIC 3437",,https://www.bendigobank.com.au/branch/vic/community-bank-gisborne-district/,N/A,N/A
Hepburn (S),Hepburn Bathhouse & Spa,3.4,"Mineral Springs Reserve Rd, Hepburn Springs VIC 3460",,https://hepburnbathhouse.com/,N/A,N/A
Hepburn (S),Bridges Financial Services,0.0,"Office 26, Level 1/110 Creswick Rd, Ballarat Central VIC 3350",,https://www.bridges.com.au/,N/A,60 003 474 977
Hepburn (S),Hepburn House,4.5,"1 Hepburn Rd, Daylesford VIC 3460",,https://www.hepburnhouse.com.au/,N/A,"1800 700 600, 49 967 941 767, 03 5348 8100"
Hepburn (S),Nixon Financial Services Pty Ltd,5.0,"23A Hamilton St, Gisborne VIC 3437",,http://www.nixonfinancialservices.com.au/,N/A,"128 864 568, 77 103 642 888, 25615585555535, 53257156956356"
Hepburn (S),Fiducian Financial Services,5.0,"Suite 13/706 Sturt St, Ballarat Central VIC 3350",,https://fiducianfs.com.au/,N/A,N/A
Hepburn (S),Shadforth Financial Group,5.0,"Ground Floor/110 Creswick Rd, Ballarat Central VIC 3350",,https://www.sfg.com.au/,N/A,"1800 501 203, 2025-01-13 14, 27 127 508 472, 2025-01-13 13, 2025-01-13 04"
Hepburn (S),Findex Daylesford,0.0,"56 Vincent St, Daylesford VIC 3460",,https://www.findex.com.au/home,N/A,N/A
Benalla (RC),Templeton Advice Group (formerly RetireInvest Benalla),3.0,"69 Nunn St, Benalla VIC 3672",,http://www.templetonadvicegroup.com.au/,cso@templetonadvicegroup.com.au,N/A
Benalla (RC),OzPlan,4.0,"107 Bridge St W, Benalla VIC 3672",,http://www.ozplan.com.au/,N/A,N/A
Benalla (RC),Expert Advisories,0.0,"54B Carrier St, Benalla VIC 3672",,,N/A,N/A
Benalla (RC),Malcolm Blair Accounting & Taxation Services,5.0,"55 Carrier St, Benalla VIC 3672",,,N/A,N/A
Benalla (RC),Goulburn Murray Credit Union Co-Op Ltd,5.0,"32 Bridge St E, Benalla VIC 3672",,http://www.gmcu.com.au/,N/A,87 087 651 509
Benalla (RC),Tricia Vale & Associates,5.0,"120 Bridge St E, Benalla VIC 3672",,,N/A,N/A
Benalla (RC),Bendigo Bank,5.0,"53 Bridge St E, Benalla VIC 3672",,https://www.bendigobank.com.au/branch/vic/bendigo-bank-benalla/,N/A,N/A
Benalla (RC),EJM Advice,5.0,"7 Ely St, Wangaratta VIC 3677",,http://www.ejm.com.au/,N/A,N/A
Benalla (RC),Unbound Financial Pty ltd,5.0,"4 Ford St, Wangaratta VIC 3677",,https://www.unboundfinancial.com.au/,N/A,"89 653 321 487, 0412 389 355, 97 671 600 356"
Benalla (RC),Commonwealth Bank Benalla Branch,4.8,"60 ⛉ Bridge St, Benalla VIC 3672",,https://www.commbank.com.au/personal/locate-us/vic/benalla/063505.html,N/A,48 123 123 124
Greater Geelong (C),Vista Financial Group,5.0,"3/16 James St, Geelong VIC 3220",,https://www.vistafinancial.com.au/,3193hello@vistafinancial.com.auwww.vistafinancial.com.auAbout,"03 9598 8002, 13 085 335 397, 325003 4223 80, 319303 9598 80"
Greater Geelong (C),Community Chapman Welsh,5.0,"1/80 Pakington St, Geelong West VIC 3218",,https://www.ccwadvisory.com.au/,N/A,N/A
Greater Geelong (C),Bridges Financial Services,0.0,"100 Brougham St, Geelong VIC 3220",,http://www.bridges.com.au/,N/A,60 003 474 977
Greater Geelong (C),Geelong Financial Group,5.0,"259 Latrobe Terrace, Geelong VIC 3220",,https://www.geelongfinancial.com.au/,N/A,N/A
Greater Geelong (C),Aussiewide Financial Services Geelong,5.0,"255 Moorabool St, Geelong VIC 3220",,http://aussiewidefs.com.au/,N/A,N/A
Greater Geelong (C),Muirfield Financial Services Geelong,5.0,"3/400 Pakington St, Newtown VIC 3220",,http://www.muirfieldfs.com.au/,N/A,1300 242 700
Greater Geelong (C),Horizon Finance Group,5.0,"Suite 7/87 Little Malop St, Geelong VIC 3220",,https://www.horizonfinancegroup.com.au/?utm_source=GMB,enquiry@horizonfinancegroup.com.au,"70 648 921 957, 1300 364 644"
Greater Geelong (C),EJM Advice,4.9,"5/65 Brougham St, Geelong VIC 3220",,http://www.planwellfinancialplanning.com.au/,N/A,N/A
Greater Geelong (C),Konnect Financial Services,5.0,"65 Gheringhap St, Geelong VIC 3220",,https://www.konnect.com.au/,N/A,N/A
Greater Geelong (C),Community Financial Services,0.0,"80 Pakington St, Geelong West VIC 3218",,http://communityfinancial.com.au/,N/A,N/A
Northern Grampians (S),Grampians Investment Services,0.0,"62/64 Gray St, Hamilton VIC 3300",,https://www.grampiansinvest.com.au/,5433reception@grampiansinvest.com.auPrivacy,88 138 384 675
Northern Grampians (S),Findex Stawell,5.0,"3-5 St Georges St, Stawell VIC 3380",,https://www.findex.com.au/office/stawell?utm_source=gmb&utm_medium=organic&utm_campaign=brand+general&utm_content=stawell,N/A,N/A
Northern Grampians (S),Grampians Community Health,4.2,"8-22 Patrick St, Stawell VIC 3380",,http://www.gch.org.au/,N/A,N/A
Northern Grampians (S),Grampians Insurance Brokers,5.0,"3 Patrick St, Stawell VIC 3380",,https://www.grampiansinsurance.com.au/,N/A,N/A
Northern Grampians (S),Consortium Private Wealth,5.0,"24A Darlot St, Horsham VIC 3400",,https://www.consortiumpw.com.au/,info@consortiumpw.com.au,"74 616 250 965, 03 5382 3460"
Northern Grampians (S),Grampians Insurance Brokers,5.0,"99 Barkly St, Ararat VIC 3377",,http://www.grampiansinsurance.com.au/,N/A,N/A
Northern Grampians (S),Northern Grampians Shire Council St Arnaud Town Hall & Offices,1.0,"40 Napier St, St Arnaud VIC 3477",,http://www.ngshire.vic.gov.au/,ngshire@ngshire.vic.gov.au,03 5358 8700
Northern Grampians (S),Northern Grampians,,"Northern Grampians, VIC",,,N/A,N/A
Northern Grampians (S),Dunolly Rural Transaction Centre,5.0,"109 Broadway, Dunolly VIC 3472",,,N/A,N/A
Northern Grampians (S),Commonwealth Bank Stawell Branch,3.9,"101 Main St, Stawell VIC 3380",,https://www.commbank.com.au/personal/locate-us/vic/stawell/063528.html,N/A,48 123 123 124
Mildura (RC),Trilogy Financial Group,5.0,"158-164 Langtree Ave, Mildura VIC 3500",,https://www.trilogyfg.com.au/,N/A,65 006 373 995
Mildura (RC),Agri Plus Financial Group,5.0,"54 Lemon Ave, Mildura VIC 3500",,http://agriplusfg.com.au/,admin@agriplusfg.com.auPostal,"03 5443 7220, 33 007 207 650"
Mildura (RC),Sunraysia Financial Services,2.0,"83 Pine Ave, Mildura VIC 3500",,,N/A,N/A
Mildura (RC),Harvest Wealth,5.0,"93a Seventh St, Mildura VIC 3500",,http://www.harvestwealth.net.au/,N/A,N/A
Mildura (RC),Bridges Financial Services Pty Limited,0.0,"47 Pine Ave, Mildura VIC 3500",,https://www.bridges.com.au/,N/A,60 003 474 977
Mildura (RC),Murray Mallee Financial Planning,0.0,"59 Orange Ave, Mildura VIC 3500",,https://mmfp.com.au/,N/A,N/A
Mildura (RC),Platform Finance,5.0,"158-164 Langtree Ave, Mildura VIC 3500",,https://broker.platform.com.au/,N/A,N/A
Mildura (RC),E.L. & C. Baillieu Limited,0.0,"128 Lime Ave, Mildura VIC 3500",,https://www.baillieu.com.au/,N/A,"86 002 733 048, 1800 221 697"
Mildura (RC),Regional & Rural Finance,0.0,"155A Lime Ave, Mildura VIC 3500",,,N/A,N/A
Mildura (RC),Southern Cross Business Advisers,5.0,"234 Deakin Ave, Mildura VIC 3500",,http://www.scba.com.au/,admin@scba.com.au,N/A
Bayside (C),Bayside Residential & Commercial Mortgages,5.0,"Level 12/447 Kent St, Sydney NSW 2000",,http://www.baysidecm.com.au/,admin@baysidecm.com.au,"2022-01-20, 2021-08-31, 2021-09-27, 2021-08-05, 02 8355 2017, 2021-09-30, 2021-11-11, 2021-08-23, 2021-08-09, 1001 2021-06-2"
Bayside (C),Australian Financial Planning Group (AFPG) Pty Ltd,4.8,"13/227 Elizabeth St, Sydney NSW 2000",,http://www.afpg.com.au/,N/A,"2021-05-18, 66 050 139 850, 1300 737 526, 1300737526"
Bayside (C),Branded Financial Services Australia,2.8,"Quad 3, Suite 1.08, Level 1/102 Bennelong Pkwy, Sydney Olympic Park NSW 2127",,https://brandedfinancial.com.au/,N/A,"2024 - 2025, 1300 549 166, 27 004 013 334, 1800 007 007"
Bayside (C),ITP Financial Services,0.0,"2/29 Clareville Ave, Sandringham NSW 2219",,,N/A,N/A
Bayside (C),IT Financial Services PTY Ltd.,4.5,"10 Carrington St, Sydney NSW 2000",,http://www.itfs.com.au/?section=x&page=contact,N/A,N/A
Bayside (C),Financial Services Complaints Pty Ltd,0.0,"264 George St, Sydney NSW 2000",,http://financialservicescomplaints.com/,N/A,N/A
Bayside (C),Manly Financial Services,4.8,"Suite B, Level 3A/43-45 E Esplanade, Manly NSW 2095",,http://manlyfs.com.au/,N/A,N/A
Bayside (C),Finance Services of Australia Pty Ltd,5.0,"111/20A Lexington Dr, Bella Vista NSW 2153",,,N/A,N/A
Bayside (C),Steve Elliot Financial Services,5.0,"40 Regatta Rd, Canada Bay NSW 2046",,http://www.sefs.com.au/,steve@sefs.com.au,"1300 360 685, 99 138 826 105, 0418 117 837"
Bayside (C),Financial Services Council,3.5,"Level 30, Suite 30.01, Level 30/9 Castlereagh St, Sydney NSW 2000",,https://www.fsc.org.au/,N/A,"82080744163, 0423 576 999"
Glen Eira (C),Link Financial Services,5.0,"205 Balaclava Rd, Caulfield North VIC 3161",,http://www.linkfs.com.au/,N/A,N/A
Glen Eira (C),Benchmark Financial Services,5.0,"5/115 Hawthorn Rd, Caulfield North VIC 3161",,,N/A,N/A
Glen Eira (C),Logix Financial Services Melbourne,3.7,"15 Bealiba Rd, Caulfield South VIC 3162",,http://www.logixfinancial.com.au/,N/A,N/A
Glen Eira (C),Halstead Financial Services Pty Ltd,5.0,"963A Glen Huntly Rd, Caulfield VIC 3162",,http://www.halsteadfs.com.au/,info@halsteadfs.com.au,"24 007 274 035, 23 065 921 735, +61 3 9509 1400"
Glen Eira (C),Rescue Financial Services,0.0,"4 Etna St, Glen Huntly VIC 3163",,,N/A,N/A
Glen Eira (C),Australian Wealth Solutions,4.3,"1241 Glen Huntly Rd, Carnegie VIC 3163",,https://www.wealth-solutions.com.au/,N/A,N/A
Glen Eira (C),Linargo Financial Services,0.0,"591 Glen Huntly Rd, Elsternwick VIC 3185",,,N/A,N/A
Glen Eira (C),Aviser Finance Pty Ltd,5.0,"79 Glen Huntly Rd, Elwood VIC 3184",,http://aviser.com.au/,info@aviser.com.au,"1300 706 540, 1300 284 737, 1300 284 747"
Glen Eira (C),Newgrange Financial Services PTY Ltd.,0.0,"269 Centre Rd, Bentleigh VIC 3204",,,N/A,N/A
Glen Eira (C),Hillross Financial Services Ltd.,0.0,"21 Clarence St, Bentleigh East VIC 3165",,,N/A,N/A
Mount Alexander (S),Castlemaine Financial Services,5.0,"12 Mostyn St, Castlemaine VIC 3450",,http://www.castlemainefinancial.com.au/,N/A,N/A
Mount Alexander (S),Colonial Financial Services PTY Ltd.,0.0,"486 Hargreaves St, Bendigo VIC 3550",,,N/A,N/A
Mount Alexander (S),Bridges Financial Services,0.0,"Suite 2, Ground Floor/902 Mt Alexander Rd, Essendon VIC 3040",,,N/A,N/A
Mount Alexander (S),SCM Financial Group,5.0,"917 Riversdale Rd, Surrey Hills VIC 3127",,https://scmfg.com.au/,admin@scmfg.com.au,N/A
Mount Alexander (S),APS Benefits Group Ltd,4.9,"440 William St, West Melbourne VIC 3003",,http://www.apsbenefitsgroup.com.au/,info@apsbenefitsgroup.com.au,"64 077 846 809, 03 9322 2000, 1300 131 809 9, 150 630 694, 1300 131 809, 30 646 510 769"
Mount Alexander (S),Fiducian Financial Services,5.0,"Suite 13/706 Sturt St, Ballarat Central VIC 3350",,https://fiducianfs.com.au/,N/A,N/A
Mount Alexander (S),Mount Alexander,,"Mount Alexander, VIC",,,N/A,N/A
Mount Alexander (S),Aim Financial Advice,5.0,"1035A Mt Alexander Rd, Essendon VIC 3040",,https://www.aimfinancialadvice.com.au/,"Emailhello@aimfa.com.au, hello@aimfa.com.auConnect","19 001 974 625, 03 9379 1166, 76 680 833 916"
Mount Alexander (S),Steven Costall,0.0,"134 Queen St, Bendigo VIC 3550",,http://globalfinancial.com.au/contact_global_connect_financial/,"office@globalfinancial.com.au, hello@avana.com.au, steven@globalfinancial.com.au","0438783836, 0426981818, 03 4433 1184"
Mount Alexander (S),Required Financial Services,5.0,"101 Victoria Ave, Albert Park VIC 3206",,http://www.required.com.au/,info@required.com.auRequired,27 007 261 083
Merri-bek (C),Merri-bek City Council - Merri-bek Civic Centre,1.5,"90 Bell St, Coburg VIC 3058",,https://www.merri-bek.vic.gov.au/,N/A,N/A
Merri-bek (C),Merri-bek City Council - Brunswick Citizens Service Centre,2.0,"233 Sydney Rd, Brunswick VIC 3056",,https://www.merri-bek.vic.gov.au/,N/A,N/A
Merri-bek (C),Financial Counselling Australia,5.0,"Level 6/179 Queen St, Melbourne VIC 3000",,http://www.financialcounsellingaustralia.org.au/,N/A,N/A
Merri-bek (C),Bricher Financial Services,0.0,"106 Middleborough Rd, Blackburn South VIC 3130",,,N/A,N/A
Merri-bek (C),Required Financial Services,5.0,"101 Victoria Ave, Albert Park VIC 3206",,http://www.required.com.au/,info@required.com.auRequired,27 007 261 083
Merri-bek (C),E.L. & C. Baillieu Limited,4.6,"Level 22/35 Collins St, Melbourne VIC 3000",,https://www.baillieu.com.au/,N/A,"86 002 733 048, 1800 221 697"
Merri-bek (C),H & C Financial Partners,5.0,"711 High St, Kew East VIC 3102",,http://www.hcfp.com.au/,N/A,03 9021 2089
Merri-bek (C),C&C Trading (Australia) Pty Ltd,5.0,"20 Leinster Grove, Brunswick East VIC 3057",,,N/A,N/A
Merri-bek (C),Mercury Financial Partners,5.0,"Level 4/54 Wellington St, Collingwood VIC 3066",,http://www.mercuryfp.com.au/,N/A,1300 763 633
Merri-bek (C),BM&K Financial Services,0.0,"15c/79 Centre Dandenong Rd, Dingley Village VIC 3172",,http://www.bmkfinserv.com.au/,info@bmkfinserv.com.au,"11 068 898 091, 0412 320 688, 89 051 208 327"
Wyndham (C),Homestead Financial Group PTY Ltd. - Werribee,4.7,"Shop 1/19 Synnot St, Werribee VIC 3030",,http://homesteadfg.com.au/,enquiries@homesteadfg.com.au,"03 9741 8566, 92 092 983 394"
Wyndham (C),Wyndham Financial Group,5.0,"Suite1, 29/2 Fastline Rd, Truganina VIC 3029",,http://www.wyndhamfinancialgroup.com.au/,N/A,N/A
Wyndham (C),Australian Capital Financial Services Pty Ltd,0.0,"2/4 Gerves Dr, Werribee VIC 3030",,,N/A,N/A
Wyndham (C),MoneyQuest - Werribee,5.0,"Unit 2/7 Wedge St S, Werribee VIC 3030",,https://www.moneyquest.com.au/franchise/werribee/?utm_content=MoneyQuest+-+Werribee&utm_campaign=Google+My+Business&utm_medium=organic&utm_term=plcid_4994357679119596778&utm_source=google,N/A,N/A
Wyndham (C),Australia Wide Wealth Services,5.0,"7/18 Katherine Dr, Ravenhall VIC 3023",,https://australiawidewealth.com/,N/A,N/A
Wyndham (C),XO Financial Services,0.0,"49 Cherry St, Werribee VIC 3030",,https://xofinancialservices.com.au/,N/A,N/A
Wyndham (C),Bee Financial,4.0,"Unit 301/7 Rushford Ln, Werribee VIC 3030",,http://www.beefinancial.com.au/,N/A,"45 005 430 553, 40 100 947 804"
Wyndham (C),AA Financial Services & Insurance Pty Ltd,5.0,"Unit 1/106 Derrimut Rd, Hoppers Crossing VIC 3029",,https://www.aafi.com.au/,N/A,N/A
Wyndham (C),Amazon Financial,5.0,"300 Heaths Rd, Hoppers Crossing VIC 3029",,https://www.amazonfinancial.com.au/,contact@amazonfinancial.com.au,"19 001 974 625, 633 983 490, 91 006 499 289, 126 990 832"
Wyndham (C),Veracity Financial,5.0,"163-179 Old Geelong Rd, Hoppers Crossing VIC 3029",,https://www.veracityfinancial.com.au/,N/A,"1300721258163, 30291300 721 2, 1300721258, 30291300721258"
Hume (C),Financial Services Complaints Pty Ltd,0.0,"264 George St, Sydney NSW 2000",,http://financialservicescomplaints.com/,N/A,N/A
Hume (C),Financial Services Council,3.5,"Level 30, Suite 30.01, Level 30/9 Castlereagh St, Sydney NSW 2000",,https://www.fsc.org.au/,N/A,"82080744163, 0423 576 999"
Hume (C),Practical Wealth Solutions Pty Ltd,0.0,"Lansvale Shopping Centre, 3/210-216 Hume Hwy, Lansvale NSW 2166",,http://pracwealth.com.au,N/A,"66 160 325 397, 02 9755 7466, 23 065 921 735"
Hume (C),Count Wealth Accountants,0.0,"210/216 Hume Hwy, Lansvale NSW 2166",,,N/A,N/A
Hume (C),Hume Partners,0.0,"31/367 Collins St, Melbourne VIC 3000",,,N/A,N/A
Hume (C),Financial Services NSW,5.0,"Level 14/153 Macquarie St, Parramatta NSW 2150",,https://www.fsnsw.com.au/,N/A,"02 78018071, 75 601 418 606"
Hume (C),RM Financial Services PTY Ltd.,5.0,"LOT 1017 Wattle Rd, Casula NSW 2170",,,N/A,N/A
Hume (C),601 Hume Hwy,5.0,Casula NSW 2170,,,N/A,N/A
Hume (C),Goulburn Financial Services,0.0,"49 Reynolds St, Goulburn NSW 2580",,http://www.goulburnfinancialservices.com.au/,N/A,N/A
Hume (C),Forte Financial Services Pty Ltd,4.3,"Suite 1/143 Queen St, Campbelltown NSW 2560",,https://fortefinancial.com.au/,N/A,N/A
Indigo (S),Indigo Finance,5.0,"Level 11/66 Clarence St, Sydney NSW 2000",,http://www.indigofinance.com.au/,enquiries@indigofinance.com.au,"117 651 760, 02 9194 2260"
Indigo (S),Indigo8 Corporate Services,4.0,"Suite 2, Level 2/61 Dunning Ave, Rosebery NSW 2018",,http://indigo8services.com.au/,5400enquiries@indigo8services.com.auLet,+61 2 9055 5400
Indigo (S),PGD Financial Services,5.0,"Australia Square Plaza, L 9, Building, 87/95 Pitt St, Sydney NSW 2000",,http://pgdfs.com/,N/A,N/A
Indigo (S),Branded Financial Services Australia,2.8,"Quad 3, Suite 1.08, Level 1/102 Bennelong Pkwy, Sydney Olympic Park NSW 2127",,https://brandedfinancial.com.au/,N/A,"2024 - 2025, 1300 549 166, 27 004 013 334, 1800 007 007"
Indigo (S),INDIGO FINANCIAL PTY LTD,5.0,"19 Sturt St, Adelaide SA 5000",,http://www.indigofinancial.com.au/,N/A,N/A
Indigo (S),Principal Edge Financial Services,0.0,"30-36 Bay St, Double Bay NSW 2028",,https://principaledgefinancialservices.com.au/,N/A,N/A
Indigo (S),Australian Financial Planning Group (AFPG) Pty Ltd,4.8,"13/227 Elizabeth St, Sydney NSW 2000",,http://www.afpg.com.au/,N/A,"2021-05-18, 66 050 139 850, 1300 737 526, 1300737526"
Indigo (S),IOOF Holdings Ltd,3.0,"Level 3/30 Hickson Rd, Millers Point NSW 2000",,https://www.ioof.com.au/,N/A,49 100 103 722
Indigo (S),IT Financial Services PTY Ltd.,4.5,"10 Carrington St, Sydney NSW 2000",,http://www.itfs.com.au/?section=x&page=contact,N/A,N/A
Indigo (S),Indigo Bridge,3.0,"Three International Towers, Level 35, Tower One/100 Barangaroo Ave, Sydney NSW 2000",,http://www.indigobridge.com.au/,N/A,N/A
Cardinia (S),Wilma Financial Services,5.0,"59 Kiama St, Officer VIC 3809",,https://wilmafinance.com.au/,N/A,N/A
Cardinia (S),G & G Financial Services Pty Ltd,5.0,"9 Charles Sturt Pl, Pakenham VIC 3810",,http://www.gngfinancial.com.au/,N/A,N/A
Cardinia (S),BNR Financial Services,5.0,"96A High St, Berwick VIC 3806",,https://bnrfs.com.au/,N/A,N/A
Cardinia (S),SJC FINANCIAL GROUP,0.0,"86 Hedgevale Dr, Officer VIC 3809",,http://sjcfinance.com.au/,shawn@sjcfinance.com.au,"131 901 678, 0409 966 500"
Cardinia (S),iAxis Financial Services,5.0,"63 Grandstand Cres, Clyde North VIC 3978",,http://iaxis.com.au/,N/A,N/A
Cardinia (S),Chris Thorn Financial Planning Pty Ltd,0.0,"24 Dixons Rd, Cardinia VIC 3978",,http://cthornfp.com.au/,Mechris.thornfp@gmail.com,0433774855
Cardinia (S),FCA Financial Pty Ltd,5.0,"1/49 Beaconsfield-Emerald Rd, Beaconsfield Upper VIC 3808",,http://fcafinancial.com.au/,N/A,N/A
Cardinia (S),Formation Financial Services,0.0,"Level 1/64 Victor Cres, Narre Warren VIC 3805",,https://formationfs.com.au/,enquiries@formationfs.com.au,"35 002 976 294, 03 9125 7732, 140 176 021"
Cardinia (S),Pure Loans & Financial Services,4.9,"18 Merrin Cct, Clyde North VIC 3978",,http://plfs.com.au/,info@plfs.com.au,1800 170 041
Cardinia (S),My Financial Point,5.0,"Suite 3, Level 1/11 John St, Pakenham VIC 3810",,https://www.mfpoint.com.au/,reception@mfpoint.com.au,"65 006 373 995, 1300 853 790"
Moira (S),MOIRA,3.9,"Caribbean Park, Level 3/42 Lakeview Dr, Scoresby VIC 3179",,,N/A,N/A
Moira (S),Financial Services Council,3.5,"Level 30, Suite 30.01, Level 30/9 Castlereagh St, Sydney NSW 2000",,https://www.fsc.org.au/,N/A,"82080744163, 0423 576 999"
Moira (S),AM Financial Services Pty Ltd,5.0,"suite 6b/2 Crewe Pl, Rosebery NSW 2018",,http://www.amfinancialservices.com.au/,N/A,N/A
Moira (S),Financial Services Complaints Pty Ltd,0.0,"264 George St, Sydney NSW 2000",,http://financialservicescomplaints.com/,N/A,N/A
Moira (S),Corporate Financial Services,1.0,"83 Mount St, North Sydney NSW 2060",,http://corporatefinancial.com.au/,N/A,N/A
Moira (S),Limitless financial services,5.0,"3/5 Deniliquin Rd, Tocumwal NSW 2714",,http://www.limitlessfinancialservices.com.au/,N/A,N/A
Moira (S),Aviemore Financial Pty Ltd,5.0,"Level 1/341 Barrenjoey Rd, Newport NSW 2106",,http://www.aviemore.au/,N/A,"0413 482 492, 73 651 373 376, 02 9190 8494"
Moira (S),Morris Finance,4.6,"Level 7/60 Moorabool St, Geelong VIC 3220",,http://www.morrisfinance.com.au/,N/A,"70 083 630 139, 03 5223 3453"
Moira (S),Financial Services Corp,0.0,Aberfoyle Park SA 5159,,,N/A,N/A
Moira (S),Committed Financial Group,5.0,"91 Belmore St, Yarrawonga VIC 3730",,https://cfgfinance.com.au/,N/A,N/A
Southern Grampians (S),Grampians Investment Services,0.0,"62/64 Gray St, Hamilton VIC 3300",,https://www.grampiansinvest.com.au/,5433reception@grampiansinvest.com.auPrivacy,88 138 384 675
Southern Grampians (S),Rural Financial Counselling Service (RFCS) Victoria West,0.0,"77 Kennedy St, Hamilton VIC 3300",,https://www.rfcsvictoriawest.com.au/,N/A,N/A
Ararat (RC),AMP Financial Planning Ararat,0.0,"1 Ligar St, Ararat VIC 3377",,,N/A,N/A
Ararat (RC),Sertori & Co,5.0,"70 Vincent St, Ararat VIC 3377",,http://www.sertori.com.au/index.html,N/A,N/A
Ararat (RC),Ararat RACV Agency,4.6,"123 Barkly St, Ararat VIC 3377",,https://www.racv.com.au/?cmpid=gp:ararat:agency,N/A,"11 000 016 722, 93 004 208 084"
Ararat (RC),Mulcahy & Co Ararat,0.0,"94 Barkly St, Ararat VIC 3377",,https://www.mulcahy.com.au/ararat,N/A,N/A
Ararat (RC),Ararat,,"Ararat, VIC",,,N/A,N/A
Ararat (RC),Bendigo Bank,5.0,"144 Barkly St, Ararat VIC 3377",,https://www.bendigobank.com.au/branch/vic/bendigo-bank-ararat/,N/A,N/A
Glenelg (S),Vove Financial Planning,5.0,"3/680 Anzac Hwy, Glenelg SA 5045",,https://vovefinancial.com.au/,info@vovefinancial.com.au,"32162888128, 08 8376 8168, 93 161 647 007"
Glenelg (S),Finance Society,5.0,"74 Brighton Rd, Glenelg East SA 5045",,http://www.financesociety.com.au/,N/A,"80652024130, 0412 996 933"
Glenelg (S),Glenelg Finance,4.9,"97B Jetty Rd, Glenelg SA 5045",,https://glenelgfinance.com.au/,N/A,1300 355 135
Glenelg (S),Fiducian Financial Services - Glenelg,0.0,"694A Anzac Hwy, Glenelg SA 5045",,http://www.fiducian.com.au/,N/A,"41 602 423 610, 46 094 765 134"
Glenelg (S),Potts Duhring Financial Advisors,5.0,"Shop 7/1 Partridge St, Glenelg SA 5045",,http://www.pottsduhring.com.au/,info@pdfadvisors.com.auPrivacyGeneral,"1300 684 402, 65 006 373 995, 08 7603 6219"
Glenelg (S),Sheridans Accountants and Financial Planners,4.9,"593 Anzac Hwy, Glenelg SA 5045",,http://www.sheridans.net.au/,enquiries@sheridans.net.au,N/A
Glenelg (S),Glenelg Financial Services,0.0,"14 Winston Cres, Glengowrie SA 5044",,http://glenelgfs.com.au/,N/A,N/A
Glenelg (S),Blackfish Finance,5.0,"722 Anzac Hwy, Glenelg SA 5045",,http://www.blackfishgroup.com.au/,N/A,"36 150 803 286, 08 8295 2933"
Glenelg (S),Money Options,5.0,"Level 2 - Suite B, 3-9 Gordon St, Glenelg SA 5045",,http://www.moneyoptions.com.au/,N/A,"504508 8376 44, 29 089 499 776"
Glenelg (S),BIG Financial Solutions,5.0,"R20/12 Marina Pier, Glenelg SA 5045",,http://bigfs.com.au/,N/A,N/A
Moyne (S),Belfast Wealth Management,5.0,"shop 4/22 Bank St, Port Fairy VIC 3284",,http://www.belfastwealth.com.au/,"Australia0407925050shane@belfastwealth.com.au, 2940fp@belfastwealth.com.au","0407925050, 328403 5568 29"
Moyne (S),Moyne,,"Moyne, VIC",,,N/A,N/A
Moyne (S),Cameron Financial Services,0.0,"15 Wells St, Warrnambool VIC 3280",,https://camfs.smartonline.com.au/,N/A,"0439 899 335, 23 640 170 512"
Moyne (S),Morgans Financial Limited - Warrnambool,4.2,"259 Timor St, Warrnambool VIC 3280",,https://morgans.com.au/warrnambool?utm_source=GMB&utm_medium=website&utm_term=plcid_2581195465192705845,N/A,N/A
Moyne (S),Loan Market Port Fairy & South West,0.0,"18 Anna Catherine Dr, Port Fairy VIC 3284",,https://broker.loanmarket.com.au/warrnambool/about/our-team?utm_source=google&utm_medium=organic&utm_campaign=gmb&utm_term=plcid_14037132850195487730,N/A,N/A
Yarra (C),IT Financial Services PTY Ltd.,4.5,"10 Carrington St, Sydney NSW 2000",,http://www.itfs.com.au/?section=x&page=contact,N/A,N/A
Yarra (C),Financial Services Council,3.5,"Level 30, Suite 30.01, Level 30/9 Castlereagh St, Sydney NSW 2000",,https://www.fsc.org.au/,N/A,"82080744163, 0423 576 999"
Yarra (C),YV Financial Services,5.0,"262 Maroondah Hwy, Healesville VIC 3777",,http://www.yvfinancialservices.com.au/,info@yvfinancialservices.com.auYV,N/A
Yarra (C),Australian Financial Planning Group (AFPG) Pty Ltd,4.8,"13/227 Elizabeth St, Sydney NSW 2000",,http://www.afpg.com.au/,N/A,"2021-05-18, 66 050 139 850, 1300 737 526, 1300737526"
Yarra (C),Financial Services Complaints Pty Ltd,0.0,"264 George St, Sydney NSW 2000",,http://financialservicescomplaints.com/,N/A,N/A
Yarra (C),Hawkesbury Community Financial Services Ltd,0.0,"Shops 7 & 8, Richmond Mall, 271 Windsor St, Richmond NSW 2753",,,N/A,N/A
Yarra (C),Zurich Financial Services Australia,2.4,"118 Mount St, North Sydney NSW 2060",,https://www.zurich.com.au/,N/A,N/A
Yarra (C),State Financial Services Australia,5.0,"Level 3/480 Collins St, Melbourne VIC 3000",,http://www.statefinancial.com.au/,N/A,N/A
Yarra (C),AJR Financial Services Pty. Ltd,0.0,"31 Market St, Sydney NSW 2000",,http://aptwealth.com.au/contact-us/,"melbourne@aptwealth.com.au, sydney@aptwealth.com.au, geelong@aptwealth.com.au, northernbeaches@aptwealth.com.au","03 5222 5037, 1800 801 277, 02 8262 4000, 49 159 583 847, 03 8779 5254, 03 8779 5262, 02 9283 6331, 03 5221 7557"
Yarra (C),Au Financial Pty Ltd,5.0,"Level 17/9 Castlereagh St, Sydney NSW 2000",,http://aufinancial.sydney/,support@aufinancial.sydneyConnect,"57 604 229 236, 89 051 208 327"
Yarra Ranges (S),YV Financial Services,5.0,"262 Maroondah Hwy, Healesville VIC 3777",,http://www.yvfinancialservices.com.au/,info@yvfinancialservices.com.auYV,N/A
Yarra Ranges (S),Foothills Financial Services,0.0,"17 Maroondah Hwy, Lilydale VIC 3140",,http://hhgfoothills.com.au/,admin@hhgfoothills.com.au,"9739 40771300, 52 158 162 219, 28 130 616 803"
Yarra Ranges (S),Integrity One Planning Services Pty Ltd.,4.8,"2/1 Railway Cres, Croydon VIC 3136",,http://www.integrityclients.com.au/,N/A,59 125 846 933
Yarra Ranges (S),Considines Financial Services Pty Ltd.,0.0,"8/16-18 Croydon Rd, Croydon VIC 3136",,http://www.considines.net.au/,"financial@considines.net.auThis, financial@considines.net.au","35 002 976 294, 80 100 856 880, 03 9724 4000"
Yarra Ranges (S),Jenbury Financial,5.0,"2/173 Boronia Rd, Boronia VIC 3155",,http://www.jenbury.com.au/,admin@jenbury.com.au,"15 089 512 587, 93 161 647 007"
Yarra Ranges (S),ASA Financial Advisers Pty Ltd,5.0,"Unit 6/1 Sigma Dr, Croydon South VIC 3136",,http://www.asafinancialadvisers.com.au/,N/A,N/A
Yarra Ranges (S),Priority1 Wealth Management Group,5.0,"Shop 1/204/206 Warrandyte Rd, Ringwood North VIC 3134",,https://priority1.net.au/,N/A,03 9725 9078
Yarra Ranges (S),Right Horizons Wealth Planners Pty Ltd | Financial Planning | Retirement Planning | SMSF Advice,5.0,"9 Ormonde Rd, Ferntree Gully VIC 3156",,http://www.righthorizons.com.au/,N/A,N/A
Yarra Ranges (S),Finsync Financial,5.0,"30-36 Vasey Concourse, Croydon VIC 3136",,https://www.finsync.com.au/?utm_source=google&utm_medium=organic&utm_campaign=gmb,N/A,"89 105 230 019, 0417 763 494, 632 405 504, 03 9876 8115"
Yarra Ranges (S),Lane Financial,5.0,"4/367 Forest Rd, The Basin VIC 3154",,http://www.lanefinancial.com.au/,N/A,N/A
Maribyrnong (C),SMJ Financial Services,5.0,"292 Maribyrnong Rd, Moonee Ponds VIC 3039",,http://www.smjfs.com.au/,N/A,N/A
Maribyrnong (C),Bao Tran Financial,5.0,"102/1 Thomas Holmes St, Maribyrnong VIC 3032",,,N/A,N/A
Maribyrnong (C),Hanna Financial Group,4.0,"292 Maribyrnong Rd, Moonee Ponds VIC 3039",,,N/A,N/A
Maribyrnong (C),State Financial Services Australia,5.0,"Level 3/480 Collins St, Melbourne VIC 3000",,http://www.statefinancial.com.au/,N/A,N/A
Maribyrnong (C),PFG Financial Services,5.0,"337 Ascot Vale Rd, Moonee Ponds VIC 3039",,http://www.pfg.com.au/,clientservices@pfg.com.au,"23 052 977 189, 50 679 416 839, 89 051 208 327, 16 1691 103"
Maribyrnong (C),Bundy Financial Services,5.0,"Level 1, Suite 2/200 Buckley St, Essendon VIC 3040",,https://www.bundyfinancial.com.au/?utm_source=google&utm_medium=organic&utm_campaign=gmb,N/A,"0488 772 445, 0422 148 120, 03 9120 1940, 03 9120 1945, 0403 430 521, 0391201940, 632 405 504, 03 9120 1944"
Maribyrnong (C),Moneyplan Australia (MP),4.9,"22B/80 Keilor Rd, Essendon North VIC 3041",,http://www.moneyplan.com.au/,"finance@moneyplan.com.au, 1133finance@moneyplan.com.au","03 9374 1133, 006 385 137, 34 006 385 137"
Maribyrnong (C),Bridges Financial Services,0.0,"Suite 2, Ground Floor/902 Mt Alexander Rd, Essendon VIC 3040",,,N/A,N/A
Maribyrnong (C),Versa Advisory - Accountants in Melbourne,5.0,"Suite 208/1 Thomas Holmes St, Maribyrnong VIC 3032",,https://versaadvisory.com.au/,N/A,N/A
Maribyrnong (C),Melbourne Finance Services,5.0,"Suite 23/204 Dryburgh St, North Melbourne VIC 3051",,https://melbourne.finance/,hello@melbourne.finance,N/A
Colac-Otway (S),Sewells Finance Limited,5.0,"119 Murray St, Colac VIC 3250",,,N/A,N/A
Colac-Otway (S),One Life Financial Services,0.0,"242 Murray St, Colac VIC 3250",,,N/A,N/A
Colac-Otway (S),Income Solutions Colac,5.0,"39 Gellibrand St, Colac VIC 3250",,http://www.incomesolutions.com.au/colac-office/,N/A,N/A
Colac-Otway (S),Fiducian Financial Services - Colac,0.0,"56 Hesse St, Colac VIC 3250",,https://www.fiducian.com.au/offices/david-henry/,fpsupport@fiducianfs.com.au,"03 5231 5007, 41 602 423 610, 46 094 765 134"
Colac-Otway (S),Fennell West | Financial Freedom | Colac,5.0,"13 Murray St, Colac VIC 3250",,http://fennellwest.com.au/,N/A,N/A
Colac-Otway (S),Colac Finance Company,0.0,"PO Box 362, Colac VIC 3250",,http://www.colacfinance.com.au/,ben@colacfinance.com.au,"40 727 993 882, 0437 315 769"
Colac-Otway (S),Liberty Adviser - Graham Rye Mortgage Broker Colac,5.0,"86 Murray St, Colac VIC 3250",,https://www.liberty.com.au/mortgage-broker/graham-rye,areasgrye@libertynetwork.com.au,65 151 158 628
Colac-Otway (S),Findex Colac,4.9,"175 Bromfield St, Colac VIC 3250",,https://www.findex.com.au/office/colac?utm_source=gmb&utm_medium=organic&utm_campaign=brand+general&utm_content=colac,N/A,N/A
Colac-Otway (S),Colac Otway,,"Colac Otway, VIC",,,N/A,N/A
Colac-Otway (S),Sinclair Wilson - Colac Office,4.8,"54 Corangamite St, Colac VIC 3250",,http://www.sinclairwilson.com.au/,N/A,N/A
Kingston (C),Kingston Financial,0.0,"Level1/136 Longueville Rd, Lane Cove NSW 2066",,https://www.kingstonfinancial.com.au/,N/A,N/A
Kingston (C),Kingston Capital Services,5.0,"20 Bond St, Sydney NSW 2000",,,N/A,N/A
Kingston (C),Financial Services Council,3.5,"Level 30, Suite 30.01, Level 30/9 Castlereagh St, Sydney NSW 2000",,https://www.fsc.org.au/,N/A,"82080744163, 0423 576 999"
Kingston (C),IT Financial Services PTY Ltd.,4.5,"10 Carrington St, Sydney NSW 2000",,http://www.itfs.com.au/?section=x&page=contact,N/A,N/A
Kingston (C),Financial Services Complaints Pty Ltd,0.0,"264 George St, Sydney NSW 2000",,http://financialservicescomplaints.com/,N/A,N/A
Kingston (C),Finance Services of Australia Pty Ltd,5.0,"111/20A Lexington Dr, Bella Vista NSW 2153",,,N/A,N/A
Kingston (C),Bridgeport Financial Services,0.0,"1/100 Giles St, Kingston ACT 2604",,,N/A,N/A
Kingston (C),Freshwater Financial Services,4.9,"shop 6/150 Pitt Rd, North Curl Curl NSW 2099",,https://freshwaterfs.com.au/?utm_source=Google&utm_medium=Maps,N/A,N/A
Kingston (C),Financial Consulting Services pty limited,0.0,"Court 4/46A Macleay St, Potts Point NSW 2011",,http://financialconsulting.com.au/,N/A,N/A
Kingston (C),Saikal-Skea Independent Financial Advice,5.0,"Level 1 151/41 Eastlake Parade, Kingston ACT 2604",,http://www.saikal-skea.com.au/,advice@saikal-skea.com.au,02 6100 3008
Mornington Peninsula (S),MPFS Private Wealth Pty Ltd,4.9,"1a Main St, Mornington VIC 3931",,https://www.mpfs.com.au/,N/A,N/A
Mornington Peninsula (S),Bayview Finance,5.0,"7A/38A Main St, Mornington VIC 3931",,https://bayviewfinance.com.au/,N/A,161 645 521
Mornington Peninsula (S),Peninsula Wealth Management Pty Ltd,3.0,"Suite 7/3 Torca Terrace, Mornington VIC 3931",,https://peninsulawealth.com.au/,james@peninsulawealth.com.au,"03 5975 6855, 86 656 003 762, 97 656 003 806"
Mornington Peninsula (S),Life Solutions: Mornington Financial Advisor,5.0,"22a Milgate Dr, Mornington VIC 3931",,,N/A,N/A
Mornington Peninsula (S),Fenton Financial,5.0,"401 Mornington-Tyabb Rd, Moorooduc VIC 3933",,https://fentonfinancial.com.au/,N/A,N/A
Mornington Peninsula (S),Rawlings Financial Planners,5.0,"2/2 Blamey Pl, Mornington VIC 3931",,,N/A,N/A
Mornington Peninsula (S),Finance by Peter Ritchie,5.0,"8/35 Progress St, Mornington VIC 3931",,http://www.financeby.com.au/,N/A,0417 590 553
Mornington Peninsula (S),Eclipse Financial Management PTY Ltd.,5.0,"2/315 Main St, Mornington VIC 3931",,https://www.eclipsefm.com.au/,N/A,2024-08-28
Mornington Peninsula (S),Advice Loop - Mornington Financial Planners,5.0,"G6/786 Esplanade, Mornington VIC 3931",,http://www.adviceloop.com.au/,N/A,N/A
Mornington Peninsula (S),Hodgestone Finance Mornington Peninsula,5.0,"G8/786 Esplanade, Mornington VIC 3931",,https://www.hodgestonefinance.com.au/,info@hodgestonefinance.com.au,"1300 463 439, 1300 463 469, 03 8677 9427"
Nillumbik (S),Aqua Financial Services,5.0,"20A Commercial Pl, Eltham VIC 3095",,http://www.aquafs.com.au/,N/A,1800 278 237
Nillumbik (S),Sefton Financial,5.0,"4/741 Main Rd, Eltham VIC 3095",,http://www.seftonfinancial.com.au/,info@seftonfinancial.com.au,"59 721 955 202, 93 161 647 007, 0414 375 926"
Nillumbik (S),"360 Financial Group, Eltham",5.0,"5/741 Main Rd, Eltham VIC 3095",,http://www.360fg.com.au,N/A,N/A
Nillumbik (S),Main Financial Services,0.0,"734 Main Rd, Eltham VIC 3095",,,N/A,N/A
Nillumbik (S),Thatcher Financial Group,5.0,"Suite 1/85-87 Grimshaw St, Greensborough VIC 3088",,http://www.thatcherfinancial.com.au/,N/A,N/A
Nillumbik (S),Apprise Harpel Group,5.0,"Level 1/103-105 Grimshaw St, Greensborough VIC 3088",,https://ahfg.com.au/,info@ahfg.com.au,"1300 554 582, 62 621 016 055"
Nillumbik (S),Orchid Financial Services,4.9,"Axis Business Centre The Greenhouse, Level 1, Suite 22/797 Plenty Rd, South Morang VIC 3082",,https://www.orchidfinancialservices.com.au/,N/A,N/A
Nillumbik (S),Michael Bowen Financial Services,0.0,"8B/23 Dudley St, Eltham VIC 3095",,,N/A,N/A
Nillumbik (S),"360 Financial Group, Mt Evelyn",0.0,"2-6 Birmingham Rd, Mount Evelyn VIC 3796",,http://www.360fg.com.au/,N/A,N/A
Nillumbik (S),Quality Financial Solutions Pty Ltd,0.0,"1 Pymm Ave, Eltham North VIC 3095",,http://qfsaccountants.com.au/,info@qfsaccountants.com.au,"0419 115 575, 23 076 116 320, 0400 548 387"
Yarriambiack (S),Rural Financial Counselling Service (RFCS) Victoria West,0.0,"T &, G Building Level 1/48 McLachlan St, Horsham VIC 3402",,https://www.rfcsvictoriawest.com.au/,N/A,N/A
Campaspe (S),Campaspe Financial Services Pty Ltd,0.0,"25/31 Nish St, Echuca VIC 3564",,,N/A,N/A
Campaspe (S),Campaspe Financial Services-Fusti Vince,0.0,"25/31 Nish St, Echuca VIC 3564",,,N/A,N/A
Campaspe (S),Campaspe Financial Services-Young Peter,0.0,"25/31 Nish St, Echuca VIC 3564",,,N/A,N/A
Campaspe (S),Patterson Finance Company,5.0,"2 Percy St, Echuca VIC 3564",,https://www.pattersonfinance.com.au/,"info@pattersonfinance.com.au, info@pattersonfinance.com.auHOMEABOUT",0413 917 800
Campaspe (S),SG Advisory Echuca,5.0,"25 Nish St, Echuca VIC 3564",,https://www.sgadvisory.com.au/,admin@sgadvisory.com.au,"03 5484 1108, 03 5853 2531, 03 5482 1994"
Campaspe (S),Peter Mitchell Financial Services,5.0,"68 Pakenham St, Echuca VIC 3564",,,N/A,N/A
Campaspe (S),Alison Kable Individual Financial Services,0.0,"254 Anstruther St, Echuca VIC 3564",,,N/A,N/A
Campaspe (S),Doolan Finance - Jake Childs,5.0,"Office 6/250 Anstruther St, Echuca VIC 3564",,https://doolanfinance.smartonline.com.au/,N/A,"0407 942 725, 36 898 036 290"
Campaspe (S),Capstone Financial Planning,0.0,"81 Nish St, Echuca VIC 3564",,https://www.capstonefp.com.au/companies_name/capstone-echuca/,N/A,N/A
Corangamite (S),Corangamite Shire,5.0,"181 Manifold St, Camperdown VIC 3260",,http://theplacetogrow.com.au/,N/A,N/A
Corangamite (S),Fiducian Financial Services - Colac,0.0,"56 Hesse St, Colac VIC 3250",,https://www.fiducian.com.au/offices/david-henry/,fpsupport@fiducianfs.com.au,"03 5231 5007, 41 602 423 610, 46 094 765 134"
Corangamite (S),Cameron Financial Services,0.0,"15 Wells St, Warrnambool VIC 3280",,https://camfs.smartonline.com.au/,N/A,"0439 899 335, 23 640 170 512"
Corangamite (S),Income Solutions Colac,5.0,"39 Gellibrand St, Colac VIC 3250",,http://www.incomesolutions.com.au/colac-office/,N/A,N/A
Corangamite (S),Fennell West | Financial Freedom | Camperdown,0.0,"19 Pike St, Camperdown VIC 3260",,http://fennellwest.com.au,N/A,N/A
Corangamite (S),Corangamite,,"Corangamite, VIC",,,N/A,N/A
Corangamite (S),Morgans Financial Limited - Warrnambool,4.2,"259 Timor St, Warrnambool VIC 3280",,https://morgans.com.au/warrnambool?utm_source=GMB&utm_medium=website&utm_term=plcid_2581195465192705845,N/A,N/A
Corangamite (S),Colac Finance Company,0.0,"PO Box 362, Colac VIC 3250",,http://www.colacfinance.com.au/,ben@colacfinance.com.au,"40 727 993 882, 0437 315 769"
Corangamite (S),Corangamite Shire Council,4.6,"181 Manifold St, Camperdown VIC 3260",,http://www.corangamite.vic.gov.au/,shire@corangamite.vic.gov.au,N/A
Corangamite (S),South Coast Financial Services,0.0,"21 Skene St, Newtown VIC 3220",,,N/A,N/A
Wodonga (C),J Fleming Financial Services,0.0,"1/38 High St, Wodonga VIC 3690",,http://jffinancial.com.au/,alburywodonga@investblue.com.au,"35 002 976 294, 1300 346 837, 91 100 874 744, 1300 157 173, 0260 579393, 77 003 323 055, 89 051 208 327"
Wodonga (C),Crothers and Associates,4.9,"10 Stanley St, Wodonga VIC 3690",,https://crothersaa.com.au/,reception@crothersaa.com.au,"60 391 148 948, 1300 306 900, 24 093 733 969"
Wodonga (C),Templeton Advice Group (formerly RetireInvest Wodonga),0.0,"33 Stanley St, Wodonga VIC 3690",,http://templetonadvicegroup.com.au/,cso@templetonadvicegroup.com.au,N/A
Wodonga (C),Quadrant Financial Planning Wodonga,5.0,"181 Beechworth Rd, Wodonga VIC 3690",,http://www.quadrantfp.com.au/,N/A,24 093 733 969
Wodonga (C),Rural Financial Counselling Service - Victoria North East,0.0,"102 Hume St, Wodonga VIC 3690",,http://www.rfcsvicne.org.au/,info@rfcsvicne.org.au,1300 834 775
Wodonga (C),O.S. Financial Planning,0.0,"Suite 2/175 Lawrence St, Wodonga VIC 3690",,http://www.osfp.com.au/,N/A,36 738 641 002
Wodonga (C),Riverina Finance,0.0,"Melbourne Rd, Wodonga VIC 3690",,http://riverinafinance.com.au/,N/A,N/A
Wodonga (C),Life Plan Strategic Solutions,5.0,"4/103 Hume St, Wodonga VIC 3690",,http://www.lifeplanss.com.au/,reception@lifeplanss.com.au,03 9804 7113
Wodonga (C),MAKE Finance Group,0.0,"255 McKoy St, West Wodonga VIC 3690",,http://www.makefinance.com.au/,enquiries@makefinance.com.au,02 6021 6600
Wodonga (C),Generations Personal & Professional Advice,5.0,"122 Hume St, Wodonga VIC 3690",,https://www.generationsadvice.com.au/,N/A,N/A
Baw Baw (S),Allbiz Finance Brokers Pty Ltd,5.0,"93 Sutton St, Warragul VIC 3820",,http://www.allbizfinance.com.au/,N/A,"68 600 071 976, 03 5616 2500"
Baw Baw (S),OZ Plan Financial Services,0.0,"61 Victoria St, Warragul VIC 3820",,,N/A,N/A
Baw Baw (S),Virtue Wealth Management,5.0,"10A Napier St, Warragul VIC 3820",,http://virtuewm.com.au/,"admin@virtuewm.com.au, admin@virtuewm.com.auThis","21 274 163 848, 03 5174 3622, 89 051 208 327, 03 5623 3341"
Baw Baw (S),PPW Investments,0.0,"26b Albert St, Warragul VIC 3820",,,N/A,N/A
Baw Baw (S),Gippsland Finance Solutions Warragul,4.9,"11 Napier St, Warragul VIC 3820",,https://gippsfinance.com.au/,N/A,N/A
Baw Baw (S),PBA Financial Group,4.5,"1/43 Monash Rd, Newborough VIC 3825",,http://www.pbafinancial.com.au/,contactus@pbafinancial.com.au,N/A
Baw Baw (S),Whyte Financial Planning Pty Ltd,0.0,"77 Queen St, Warragul VIC 3820",,,N/A,N/A
Baw Baw (S),Future Financial Planning,4.5,"41 Queen St, Warragul VIC 3820",,http://www.futurefinancial.net.au/,info@futurefinancial.net.au,"03 5622 3005, 03-5622 3005, 24 167 151 420"
Greater Dandenong (C),Financial Foundations Australia,5.0,"49 Robinson St, Dandenong VIC 3175",,https://www.financialfoundations.com.au/,N/A,N/A
Greater Dandenong (C),CASEY FINANCE GROUP,5.0,"Office 1/40-44 Lonsdale St, Dandenong VIC 3175",,http://caseyfinance.com.au/,info@caseyfinance.com.au,"1800 400 222, 1 800 400 222"
Greater Dandenong (C),Danber Financial Services,4.9,"1/13 Scott St, Dandenong VIC 3175",,https://www.dfs.com.au/,N/A,N/A
Greater Dandenong (C),National Finance + Loans,5.0,"2/18 National Dr, Dandenong South VIC 3175",,https://www.nfal.com.au/,info@nfal.com.au,1300 844 970
Greater Dandenong (C),Kevin Smart Financial Services,0.0,"151 Bakers Rd, Dandenong North VIC 3175",,,N/A,N/A
Greater Dandenong (C),"United Financial Services - Car, Motorbike, Truck, Boat, Caravan, EV Finance Brokers Melbourne",5.0,"9/39-43 Duerdin St, Notting Hill VIC 3168",,http://www.ufsdirect.com.au/,"Oninfo@ufsdirect.com.au, info@ufsdirect.com.au",1300 419 353
Greater Dandenong (C),Winning Wealth Finance(WWFinance),5.0,"Suite 4, level 1, Building 9/677 Springvale Rd, Mulgrave VIC 3170",,https://www.winningwealthfinance.com.au/,rocky@wwfinance.com.au,"03 8712 7059, 0432 593 753"
Greater Dandenong (C),Vivid Financial Planning,4.7,"466 Cheltenham Rd, Keysborough VIC 3173",,http://vividfinancialplanning.com.au/,N/A,N/A
Greater Dandenong (C),AGM Financial Services Pty Ltd,5.0,"2 Darryl St, Scoresby VIC 3179",,https://www.agmfs.com.au/,N/A,N/A
Greater Dandenong (C),Together Financial Services,4.9,"Suite 1.9/1091 Stud Rd, Rowville VIC 3178",,https://together.finance/?utm_source=google&utm_medium=organic&utm_campaign=gmb&utm_term=plcid_17605871685585294453,N/A,"628 373 580, 0404 065 396"
Bass Coast (S),MoneyQuest - Bass Coast,5.0,"9A Billson St, Wonthaggi VIC 3995",,https://www.moneyquest.com.au/franchise/bass-coast?utm_content=MoneyQuest+-+Bass+Coast+-+Wonthaggi&utm_campaign=Google+My+Business&utm_medium=organic&utm_term=plcid_4006868709935786916&utm_source=google,N/A,N/A
Bass Coast (S),Coastal View Financial Services Pty Ltd,3.0,"Unit 1/100 Dunsmore Rd, Cowes VIC 3922",,http://www.coastalview.com.au/,team@coastalview.com.au,03 5952 3222
Bass Coast (S),Island Financial Services,5.0,"35 Thompson Ave, Cowes VIC 3922",,http://www.islandfs.com.au/,"532joe@islandfs.com.auHomeSME, joe@islandfs.com.auHome, SERVICESjoe@islandfs.com.au",0456 624 532
Bass Coast (S),Mark Farmer Financial Solutions Pty Ltd,5.0,"3/33-39 McBride Ave, Wonthaggi VIC 3995",,http://www.markfarmerfs.com.au/,enquiry@markfarmerfs.com.au,"49 100 103 722, 03 5672 5565, 44 776 854 283, 165 823 503, 0414 446 332"
Bass Coast (S),South Gippsland Financial Planning,0.0,"41B Bair St, Leongatha VIC 3953",,https://www.sgfp.com.au/,admin@sgfp.com.au,"03 5662 4488, 65 006 373 995"
Bass Coast (S),Coastline Advice,0.0,"71-73 McBride Ave, Wonthaggi VIC 3995",,http://www.coastlineadvice.com.au/,N/A,N/A
Bass Coast (S),Prom Country Financial Planning,0.0,"1 High St, Inverloch VIC 3996",,http://www.promcountryfp.com.au/,"admin@promcountryfp.com.au, admin@promcountryfp.com.aulinkedin","34 393 150 358, 40 156 250 565"
Bass Coast (S),Rural Financial Counselling Service,0.0,"1 Peart St, Leongatha VIC 3953",,http://www.ruralfinancialcounselling.org.au/,N/A,"52091551739, 1300 045 747, 2024-12-18"
Bass Coast (S),Finance Consulting and Accounting,5.0,"48 McBride Ave, Wonthaggi VIC 3995",,https://www.fcaa.com.au/,N/A,N/A
Bass Coast (S),Highview Accounting & Financial Bass Coast,0.0,"33-35 Murray St, Wonthaggi VIC 3995",,https://www.highview.com.au/,N/A,N/A
Gannawarra (S),Life Financial Services,0.0,"6 Fitzroy St, Kerang VIC 3150",,http://www.lifefs.com.au/,N/A,N/A
Gannawarra (S),Expert Financial Planning,5.0,"19 Market St, Cohuna VIC 3568",,,N/A,N/A
Gannawarra (S),JF Accounting Pty Ltd,0.0,"24 King Edward St, Cohuna VIC 3568",,https://jfaccounting.com.au/,N/A,03 5456 4626
Gannawarra (S),May Partners PTY Ltd.,0.0,"5 Market St, Cohuna VIC 3568",,https://www.maypartners.com.au/,StoriesNewsContactEmailmaypart@maypartners.com.au,N/A
South Gippsland (S),South Gippsland Financial Planning,0.0,"41B Bair St, Leongatha VIC 3953",,https://www.sgfp.com.au/,admin@sgfp.com.au,"03 5662 4488, 65 006 373 995"
South Gippsland (S),Grand Ridge Financial Services,5.0,"Unit 2/9 Bank Pl, Drouin VIC 3818",,http://www.grfinancial.com.au/,USenquiry@grfinancial.com.au,N/A
South Gippsland (S),Rural Financial Counselling Service,0.0,"1 Peart St, Leongatha VIC 3953",,http://www.ruralfinancialcounselling.org.au/,N/A,"52091551739, 1300 045 747, 2024-12-18"
South Gippsland (S),Rural Financial Counselling Service Victoria Gippsland,0.0,"1 Stratford Rd, Maffra VIC 3860",,https://ruralfinancialcounselling.org.au/,N/A,"52091551739, 1300 045 747, 2024-12-18"
South Gippsland (S),Gippsland Finance Solutions Traralgon,5.0,"Unit 3/41 Grey St, Traralgon VIC 3844",,https://gippsfinance.com.au/,N/A,N/A
South Gippsland (S),Mercury Financial Services,5.0,"Unit 10/80-88 Main St, Bairnsdale VIC 3875",,https://www.mercuryfs.com.au/,N/A,N/A
South Gippsland (S),Gippsland Finance Brokers,5.0,"89 Church St, Traralgon VIC 3844",,http://www.gippslandfinancebrokers.com.au/,N/A,0400 514 139
South Gippsland (S),Financial Solutions Victoria Pty Ltd,5.0,"46 Bailey St, Bairnsdale VIC 3875",,http://www.finsolvic.com.au/,N/A,11 617 276 990
South Gippsland (S),East Gippsland Financial Services,2.0,"Level 1/63 Esplanade, Paynesville VIC 3880",,http://www.egfs.com.au/,info@egfs.com.au,"03 5156 0066, 0428 317 221, 0408 317 221"
South Gippsland (S),Gippsland Finance Solutions Bairnsdale,5.0,"118 Macleod St, Bairnsdale VIC 3875",,http://www.gippsfinance.com.au/?utm_source=google&utm_medium=organic&utm_campaign=gmb,N/A,N/A
Queenscliffe (B),Queenscliffe Visitor Information Centre,4.6,"49/55 Hesse St, Queenscliff VIC 3225",,https://www.queenscliffe.vic.gov.au/Things-to-do/Visitor-information-centre,info.centre@queenscliffe.vic.gov.au,N/A
Queenscliffe (B),ANZ ATM,0.0,"71 Hesse St, Queenscliff VIC 3225",,,N/A,N/A
Swan Hill (RC),Graham Wealth Pty Ltd,5.0,"260 Campbell St, Swan Hill VIC 3585",,http://www.grahamwealth.com.au/,N/A,N/A
Swan Hill (RC),GMG Financial Group,5.0,"14 Pritchard St, Swan Hill VIC 3585",,http://www.gmgfg.com.au/,N/A,N/A
Swan Hill (RC),Angus Finance,5.0,"48 McCallum St, Swan Hill VIC 3585",,https://angusfinance.com.au/,admin@angusfinance.com.au,"117 651 760, 098 866 703"
Swan Hill (RC),Nicholas Frazzica - Market Street Finance,5.0,"4 Merit Cres, Swan Hill VIC 3585",,http://www.marketstreetfinance.com.au/,N/A,N/A
Swan Hill (RC),Wealth Finance Brokers,1.0,"19 Rutherford St, Swan Hill VIC 3585",,https://www.wealthfb.com.au/,tim@wealthfb.com.aulegalDisclaimerPrivacy,"0417 397 698, 91651491280"
Swan Hill (RC),Violi Finance Solutions,5.0,"270 Campbell St, Swan Hill VIC 3585",,http://violifinance.com.au/,N/A,N/A
Swan Hill (RC),Rich River Wealth,0.0,"270 Campbell St, Swan Hill VIC 3585",,http://www.richriverwealth.com.au/,N/A,"13 390 129 310, 2024-02-24"
Swan Hill (RC),Logan & Hall,5.0,"22/24 McCallum St, Swan Hill VIC 3585",,http://www.loganhall.com.au/,N/A,N/A
Swan Hill (RC),Q&S Financial Planning,0.0,"43/47 Campbell St, Swan Hill VIC 3585",,http://qandsfp.com.au/,N/A,N/A
Swan Hill (RC),POOLES ACCOUNTANTS & TAX SPECIALISTS PTY LTD,0.0,"402/404 Campbell St, Swan Hill VIC 3585",,http://www.pooles.com.au/,N/A,N/A
Brimbank (C),Club Financial Services Australia,5.0,"Shop 14/49-69 Royal Cres, Hillside VIC 3037",,http://www.clubfinancial.com.au/,N/A,N/A
Brimbank (C),Australia Wide Wealth Services,5.0,"7/18 Katherine Dr, Ravenhall VIC 3023",,https://australiawidewealth.com/,N/A,N/A
Brimbank (C),OneStop Financial Services,4.9,"49 Arthur St, St Albans VIC 3021",,http://www.onestopfinancialservices.com.au/,N/A,N/A
Brimbank (C),Vida Financial Services St Albans,5.0,"Shop 4/329 Main Rd E, St Albans VIC 3021",,,N/A,N/A
Brimbank (C),In Wealth Financial Services,1.0,"suite 9 level 1/242 Caroline Springs Blvd, Caroline Springs VIC 3023",,http://inwealth.com.au/,N/A,N/A
Brimbank (C),SMJ Financial Services,5.0,"292 Maribyrnong Rd, Moonee Ponds VIC 3039",,http://www.smjfs.com.au/,N/A,N/A
Brimbank (C),Grech Financial Services,5.0,"2/49 Eucumbene Dr, Ravenhall VIC 3023",,http://grechfs.com.au/,N/A,N/A
Brimbank (C),NRG Finance,5.0,"5b/19-23 Arabin St, Keilor VIC 3036",,https://www.nrgfinance.com.au/,N/A,89 692 727 340
Brimbank (C),Lewealth Financial Services,5.0,"Shop G05/1 Foundry Rd, Sunshine VIC 3020",,http://lewealth.com.au/,jimmy.le@lewealth.com.au,N/A
Brimbank (C),KGB Financial Planning Pty Ltd,5.0,"Level 1/2-8 Lake St, Caroline Springs VIC 3023",,http://kgbfinancialplanning.com.au/,N/A,N/A
Horsham (RC),Consortium Private Wealth,5.0,"24A Darlot St, Horsham VIC 3400",,https://www.consortiumpw.com.au/,info@consortiumpw.com.au,"74 616 250 965, 03 5382 3460"
Horsham (RC),Hillross Financial,0.0,"31 Darlot St, Horsham VIC 3400",,http://www.hillrossfp.com.au/,N/A,N/A
Horsham (RC),Planrite Advice Group,0.0,"31 Darlot St, Horsham VIC 3400",,http://www.planrite.com.au/,N/A,N/A
Horsham (RC),Rural Financial Counselling Service (RFCS) Victoria West,0.0,"T &, G Building Level 1/48 McLachlan St, Horsham VIC 3402",,https://www.rfcsvictoriawest.com.au/,N/A,N/A
Horsham (RC),Cbs Financial,0.0,"Bradburys Ln, Horsham VIC 3400",,,N/A,N/A
Horsham (RC),Carr McRae Insurance Agencies,5.0,"65 Pynsent St, Horsham VIC 3400",,http://cmia.com.au/,N/A,N/A
Horsham (RC),Momentum Financial Group,0.0,"35 Roberts Ave, Horsham VIC 3400",,http://momentumfg.com.au/,N/A,N/A
Horsham (RC),Wimmera Wealth Solutions,0.0,"112 Firebrace St, Horsham VIC 3400",,,N/A,N/A
Horsham (RC),Street Ryan & Associates PTY LTD,0.0,"14 Evans Way, Horsham VIC 3400",,http://www.streetryan.com.au/,N/A,"18 002 332 176, 002 332 176"
Horsham (RC),Capitis Accounting Solutions,5.0,"35 McLachlan St, Horsham VIC 3400",,http://www.capitis.com.au/,N/A,N/A
Strathbogie (S),EJM Advice,5.0,"7 Ely St, Wangaratta VIC 3677",,http://www.ejm.com.au/,N/A,N/A
Strathbogie (S),YV Financial Services,5.0,"262 Maroondah Hwy, Healesville VIC 3777",,http://www.yvfinancialservices.com.au/,info@yvfinancialservices.com.auYV,N/A
Strathbogie (S),ABF Planning,0.0,"41/43 Railway St, Euroa VIC 3666",,https://www.abfplanning.com.au/contact,raema@abfplanning.com.au,0425 829 181
Alpine (S),Financial Services Complaints Pty Ltd,0.0,"264 George St, Sydney NSW 2000",,http://financialservicescomplaints.com/,N/A,N/A
Alpine (S),Financial Services Council,3.5,"Level 30, Suite 30.01, Level 30/9 Castlereagh St, Sydney NSW 2000",,https://www.fsc.org.au/,N/A,"82080744163, 0423 576 999"
Alpine (S),IT Financial Services PTY Ltd.,4.5,"10 Carrington St, Sydney NSW 2000",,http://www.itfs.com.au/?section=x&page=contact,N/A,N/A
Alpine (S),Australian Financial Planning Group (AFPG) Pty Ltd,4.8,"13/227 Elizabeth St, Sydney NSW 2000",,http://www.afpg.com.au/,N/A,"2021-05-18, 66 050 139 850, 1300 737 526, 1300737526"
Alpine (S),Alpineology Finance,0.0,"22 Bonar St, Wolli Creek NSW 2205",,,N/A,N/A
Alpine (S),AM Financial Services Pty Ltd,5.0,"suite 6b/2 Crewe Pl, Rosebery NSW 2018",,http://www.amfinancialservices.com.au/,N/A,N/A
Alpine (S),PGD Financial Services,5.0,"Australia Square Plaza, L 9, Building, 87/95 Pitt St, Sydney NSW 2000",,http://pgdfs.com/,N/A,N/A
Alpine (S),Corporate Financial Services,1.0,"83 Mount St, North Sydney NSW 2060",,http://corporatefinancial.com.au/,N/A,N/A
Alpine (S),Finance Services of Australia Pty Ltd,5.0,"111/20A Lexington Dr, Bella Vista NSW 2153",,,N/A,N/A
Alpine (S),Prestige Australian Financial Services,4.5,"Suite 15/24 Sandridge St, Bondi Beach NSW 2026",,http://www.ilovepafs.com/,Usinfo@ilovepafs.com,"61 447 477 894, 1300 552 685"
Murrindindi (S),YV Financial Services,5.0,"262 Maroondah Hwy, Healesville VIC 3777",,http://www.yvfinancialservices.com.au/,info@yvfinancialservices.com.auYV,N/A
Murrindindi (S),YV Financial Services,0.0,"37 Forest St, Yarra Glen VIC 3775",,http://www.yvfinancialservices.com.au/,info@yvfinancialservices.com.auYV,N/A
Whitehorse (C),Sheffield Financial Group,5.0,"1/54 Burwood Rd, Burwood NSW 2134",,https://www.sheffieldfinancial.com.au/,N/A,N/A
Whitehorse (C),Wealthcorp Finance,5.0,"Level 2/990 Whitehorse Rd, Box Hill VIC 3128",,,N/A,N/A
Whitehorse (C),F1 Financial services,0.0,"11/532 Station St, Box Hill VIC 3128",,http://f1financialservices.com.au/,UsEmailadmin@f1financialservices.com.auPhone,"93 161 647 007, 76 108 710 185, +61 3 9898 9088"
Whitehorse (C),AusPac Finance,5.0,"Unit 1/10-12 Station St, Ringwood VIC 3134",,http://www.auspacfinance.com.au/,N/A,N/A
Whitehorse (C),Acacia Financial Planning & Accounting Solutions,5.0,"703 Whitehorse Rd, Mitcham VIC 3132",,,N/A,N/A
Whitehorse (C),Hillross Financial Services Ltd.,0.0,"5/24 Lakeside Dr, Burwood East VIC 3151",,https://www.hillross.com.au/,N/A,77 003 323 055
Whitehorse (C),Financial Balance Group Pty Ltd,5.0,"Level 2/818 Whitehorse Rd, Box Hill VIC 3128",,http://www.financialbalancegroup.com.au/,ilyaegorov@financialbalancegroup.com.auFinancial,0432 673 370
Whitehorse (C),Whitehorse Business Group,4.8,"1022 Whitehorse Rd, Box Hill VIC 3128",,http://www.whitehorsebusinessgroup.com.au/,N/A,N/A
Whitehorse (C),Whitehorse Accountants,5.0,"Suite 2, 53/1880 Ferntree Gully Rd, Ferntree Gully VIC 3156",,https://www.whitehorseaccountants.com.au/,info@whitehorseaccountants.com.au,03 8905 4936
Whitehorse (C),Acceptance Finance,5.0,"Level 3a/379 Whitehorse Rd, Balwyn VIC 3103",,https://www.acceptancefinance.com.au/,N/A,"1300 93 11 55, 62 953 405 689, 03 9852 7333"
Frankston (C),Frankston Financial Pty Ltd.,4.9,"46 Playne St, Frankston VIC 3199",,https://www.frankstonfinancial.com.au/,N/A,N/A
Frankston (C),Drakkar Financial Planning,5.0,"435 Nepean Hwy, Frankston VIC 3199",,http://drakkargroup.com.au/,N/A,1300 106 888
Frankston (C),THE Peninsula Financial Group,0.0,"Level 1/31 Beach St, Frankston VIC 3199",,http://peninsulafinancial.com.au/,N/A,"03 9783 4999, 03 9781 3073, 099 829 222, 069 537 855"
Frankston (C),Hayley Dyason - Finance Broker,5.0,"Level 2, Peninsula Place, 454 Nepean Hwy, Frankston VIC 3199",,https://marketstreetfinance.com.au/,N/A,N/A
Frankston (C),Fiducian Financial Services Mentone,0.0,"Suite 2/474 Nepean Hwy, Frankston VIC 3199",,,N/A,N/A
Frankston (C),BCV Financial Solutions,4.6,"Unit 3/72-76 Dandenong Rd W, Frankston VIC 3199",,http://bcvfs.com.au/,N/A,"03 9781 4533, 26 098 725 145"
Frankston (C),Diversified Financial Planners Pty Ltd,5.0,"Landmark Centre, Level 1/454-472 Nepean Hwy, Frankston VIC 3199",,http://www.diversifiedfp.com.au/,mail@diversifiedfp.com.au,"03 9770 6499, 03 5658 1020, 1300 157 173, 73 089 935 295, 89 051 208 327"
Frankston (C),Quantum Financial Solutions,4.9,"4 Misty Cl, Frankston VIC 3199",,https://quantumfinancialsolutions.com.au/,N/A,"1300 944 954, 37 637 479 317"
Frankston (C),Infinity Personal Financial Solutions,5.0,"Unit 5/22 Sanders Rd, Frankston South VIC 3199",,http://www.infinitysolutions.com.au/,N/A,N/A
Frankston (C),The IF Group,5.0,"7/395 Nepean Hwy, Frankston South VIC 3199",,http://www.theifgroup.com.au/,N/A,N/A
Maroondah (C),Canopy Financial Group,5.0,"Waterman Business Centre Suite 24, C307, Level 3, Eastland Shopping Centre, 175 Maroondah Hwy, Ringwood VIC 3134",,http://www.canopyfg.com.au/,dariamoloksher@sparkfg.com.au,62153 493 488
Maroondah (C),Northeast Wealth Ringwood,5.0,"Eastland Shopping Centre, Suite 301 / C307, Level 3/175 Maroondah Hwy, Ringwood VIC 3134",,http://www.northeastwealth.com.au/,N/A,"1300 304 314, 33 007 207 650"
Maroondah (C),Considines Financial Services Pty Ltd.,0.0,"8/16-18 Croydon Rd, Croydon VIC 3136",,http://www.considines.net.au/,"financial@considines.net.auThis, financial@considines.net.au","35 002 976 294, 80 100 856 880, 03 9724 4000"
Maroondah (C),Evolve Financial Services,3.0,"8/33 Heatherdale Rd, Ringwood VIC 3134",,,N/A,N/A
Maroondah (C),Fiducian Financial Services Ringwood,0.0,"1/339 Mitcham Rd, Mitcham VIC 3135",,,N/A,N/A
Maroondah (C),Foster Ramsay Finance,4.8,"Waterman Workspaces Suites, Eastland S/C, Suite 65, 307, Level 3/175 Maroondah Hwy, Ringwood VIC 3134",,http://fosterramsay.finance/,N/A,"0448010999, 15 483 597 503"
Maroondah (C),Finance Star,5.0,"Waterman Business Centre Suite 21, C307, Level 3/175 Maroondah Hwy, Ringwood VIC 3134",,https://www.financestar.com.au/,enquiry@financestar.com.au,0481 980 880
Maroondah (C),YV Financial Services,5.0,"262 Maroondah Hwy, Healesville VIC 3777",,http://www.yvfinancialservices.com.au/,info@yvfinancialservices.com.auYV,N/A
Maroondah (C),Priority1 Wealth Management Group,5.0,"Shop 1/204/206 Warrandyte Rd, Ringwood North VIC 3134",,https://priority1.net.au/,N/A,03 9725 9078
Maroondah (C),Integrity One Planning Services Pty Ltd.,4.8,"2/1 Railway Cres, Croydon VIC 3136",,http://www.integrityclients.com.au/,N/A,59 125 846 933
Whittlesea (C),Aspire Financial & Retirement Planning,0.0,"66 Church St, Whittlesea VIC 3757",,,N/A,N/A
Monash (C),Monash Investors,5.0,"Level 13/111 Elizabeth St, Sydney NSW 2000",,http://monashinvestors.com/,N/A,N/A
Monash (C),Monash Private Capital Pty Ltd.,5.0,"Level 18/167 Macquarie St, Sydney NSW 2000",,http://www.monashprivatecapital.com.au/,N/A,N/A
Monash (C),Rise Financial,5.0,"25 Michell St, Monash ACT 2904",,https://www.risefinancial.com.au/,phil@risefinancial.com.au,02 6292 0015
Knox (C),AGM Financial Services Pty Ltd,5.0,"2 Darryl St, Scoresby VIC 3179",,https://www.agmfs.com.au/,N/A,N/A
Knox (C),Fort Knox Financial Services PTY LTD,0.0,"168 Forest Rd, Hurstville NSW 2220",,,N/A,N/A
Knox (C),Faith Finance,5.0,"425 Burwood Hwy, Wantirna South VIC 3152",,https://faithfinance.com.au/,N/A,N/A
Knox (C),APL Financial,5.0,"Unit 13/603 Boronia Rd, Wantirna VIC 3152",,http://www.aplfinancial.com.au/,jon@aplfinancial.com.auLevel,03 9021 7080
Knox (C),Lime Financial Services,5.0,"1033 Burwood Hwy, Ferntree Gully VIC 3156",,http://www.limefinancial.com.au/,info@limefinancial.com.auOffice,"0400 100 777, 1300 724 088, 03 9887 4733"
Knox (C),MCL Financial Services,0.0,"Unit 3/675 Boronia Rd, Wantirna VIC 3152",,http://mcl-fs.com/,chris@mcl-fs.com,"14 150 153 503, 0417 340 601, 03 9887 0794, 73 056 399 216"
Knox (C),Key Finance Pty Ltd,5.0,"15/603 Boronia Rd, Wantirna VIC 3152",,http://www.keyfinance.com.au/,N/A,N/A
Knox (C),Mercedes-Benz Financial Services Australia Pty Ltd,4.5,"44 Lexia Pl, Mulgrave VIC 3170",,https://www.mercedes-benz.com.au/passengercars/finance.html,"data.protection@mercedes-benz.com, mbm@mercedes-benz.com, cs.aus@cac.mercedes-benz.com, mbaupprivacyofficer@mercedes-benz.com, dialog.mb@mercedes-benz.com","73 074 134 517, 1300 762 718, 004 411 410, 15 000 122 850, 1300 300 896, 78 003 191 035, 1300 363 992"
Knox (C),Corporate Finance (Aust) Pty Ltd,5.0,"Unit 1/10 Business Park Dr, Notting Hill VIC 3168",,http://www.corporatefinance.com.au/,info@corporatefinance.com.au,"1300 737 692, 2020-08-06"
Knox (C),Aussie Home Loans Knox,5.0,"Shop 1057/425 Burwood Hwy, Wantirna South VIC 3152",,https://www.aussie.com.au/mortgage-broker/vic/knox/?utm_source=GBP&utm_medium=organic&utm_campaign=GBP_retail_vic_knox&utm_term=plcid_15293385020001084324,N/A,N/A
Hindmarsh (S),Alexander Financial Group,5.0,"205 Port Rd, Hindmarsh SA 5007",,https://www.alexanderfinancialgroup.com.au/,David@AFGLimited.com.au,"0433 816 137, 27634930532"
Hindmarsh (S),Morgans Financial Limited - Adelaide,5.0,"Level 1/70 Hindmarsh Square, Adelaide SA 5000",,https://morgans.com.au/adelaide?utm_source=GMB&utm_medium=website&utm_term=plcid_10979939482964891424,N/A,N/A
Hindmarsh (S),Money Merchants Financial Services,4.8,"91 South Rd, Thebarton SA 5031",,http://www.moneymerchants.com.au/,N/A,"54 461 602 565, 1300 450 230"
Hindmarsh (S),Dnister Ukrainian Credit Co-operative Ltd,5.0,"62 Orsmond St, Hindmarsh SA 5007",,http://www.dnister.com.au/,N/A,"2025-01-17, 1800 353 041, 1800 651 898, 1800 621 199, 59 087 651 394"
Hindmarsh (S),Brentnalls SA,5.0,"255 Port Rd, Hindmarsh SA 5007",,http://www.brentnalls-sa.com.au/,N/A,N/A
Hindmarsh (S),Providence Wealth Advisory Group South Australia,0.0,"Level 4/2 Ebenezer Pl, Adelaide SA 5000",,https://providencewealth.com.au/,N/A,N/A
Hindmarsh (S),JSA Accounting,5.0,"60 Orsmond St, Hindmarsh SA 5007",,https://jsaaccounting.com.au/,enquiries@jsaaccounting.com.au,"08 8322 5088, 5162 08 8322 5, 48 088 331 739"
Hindmarsh (S),Adelaide Commercial Finance,5.0,"Suite A, Level 2/70 Hindmarsh Square, Adelaide SA 5000",,http://www.adelaidecommercialfinance.com.au/,N/A,N/A
Hindmarsh (S),Inovayt - Mortgage Broker & Financial Advisor Adelaide,0.0,"level 2/70 Hindmarsh Square, Adelaide SA 5000",,https://www.inovayt.com.au/,info@inovayt.com.au,"93 161 007, 57 658 320 248, 80 625 017 174, 90 155 205 431, 1300 345 355, 1300 354 355, 25 126 141 982"
Hindmarsh (S),Hunter Financial Services,5.0,"Level 1/11 Halifax St, Adelaide SA 5000",,https://hunterfinancialservice.com.au/,reception@hunterfs.com.au,"8 8632 1166, 58 608 317 700, 8 8221 7122, 65 006 373 995, 84 605 663 063, 117 651 760, 28 600 028 813, 23 602 097 110, 51 051 614 361, 62 124 080 682"
Manningham (C),Fiducian Financial Services,5.0,"First, Floor 28/30 Jackson Ct, Doncaster East VIC 3109",,https://royamcdonald.com/financial-planner/,N/A,N/A
Manningham (C),AFPG (formerly Warringal Financial Services),5.0,"2/17 Burgundy St, Heidelberg VIC 3084",,http://www.afpg.com.au/,N/A,"2021-05-18, 66 050 139 850, 1300 737 526, 1300737526"
Manningham (C),A & T Financial Services,0.0,"52 Websters Rd, Templestowe VIC 3106",,http://aandtfs.com.au/,N/A,"24 167 151 420, 609 788 098, 62 671 011 982"
Manningham (C),AGM Financial Services Pty Ltd,5.0,"2 Darryl St, Scoresby VIC 3179",,https://www.agmfs.com.au/,N/A,N/A
Manningham (C),Mortgage & General Financial Services Pty Ltd,0.0,"Unit 3/861 Doncaster Rd, Doncaster East VIC 3108",,,N/A,N/A
Manningham (C),Partner Financial Group,5.0,"48 Ayr St, Doncaster VIC 3108",,http://partnerfinancialgroup.com.au/,N/A,N/A
Manningham (C),Tony Coco Financial Services Melbourne,3.0,"6/1004 Doncaster Rd, Doncaster East VIC 3109",,,N/A,N/A
Manningham (C),CFG Mortgage & Finance Specialists,5.0,"13/79-99 Manningham Rd, Bulleen VIC 3105",,http://www.cfg.com.au/,info@cfg.com.au,"34 104 629 227, 03 9850 5944, 58 314 918 144"
Manningham (C),State Financial Services Australia,5.0,"Level 3/480 Collins St, Melbourne VIC 3000",,http://www.statefinancial.com.au/,N/A,N/A
Manningham (C),H & C Financial Partners,5.0,"711 High St, Kew East VIC 3102",,http://www.hcfp.com.au/,N/A,03 9021 2089
West Wimmera (S),Rural Financial Counselling Service (RFCS) Victoria West,0.0,"77 Kennedy St, Hamilton VIC 3300",,https://www.rfcsvictoriawest.com.au/,N/A,N/A
Casey (C),Casey Investment Group,5.0,"suite 10/28-32 Gloucester Ave, Berwick VIC 3806",,http://caseyinvgroup.com.au/,N/A,N/A
Casey (C),CASEY FINANCE GROUP,5.0,"Office 1/40-44 Lonsdale St, Dandenong VIC 3175",,http://caseyfinance.com.au/,info@caseyfinance.com.au,"1800 400 222, 1 800 400 222"
Casey (C),Casey Wealth Advisers,3.0,"67/69 High St, Berwick VIC 3806",,http://www.caseywealth.com.au/,admin@caseywealth.com.au,087 512 678
Casey (C),Casey North Community Information & Support Service,4.4,"Suite 2/30-32 Verdun Dr, Narre Warren VIC 3805",,https://www.caseynorthciss.com.au/,cnciss@caseynorthciss.com.au,"87415386165, 03 9705 6699"
Casey (C),IT Financial Services PTY Ltd.,4.5,"10 Carrington St, Sydney NSW 2000",,http://www.itfs.com.au/?section=x&page=contact,N/A,N/A
Casey (C),Financial Services Council,3.5,"Level 30, Suite 30.01, Level 30/9 Castlereagh St, Sydney NSW 2000",,https://www.fsc.org.au/,N/A,"82080744163, 0423 576 999"
Casey (C),Casey Partners Pty Ltd.,5.0,"67/69 High St, Berwick VIC 3806",,https://caseypartners.com.au/,admin@caseypartners.com.au,N/A
Casey (C),Specialised Financial Services,0.0,"14/66 Victor Cres, Narre Warren VIC 3805",,http://www.stfinance.biz/,N/A,N/A
Casey (C),Casey Accounting,4.1,"6-8 Lyall Rd, Berwick VIC 3806",,,N/A,N/A
Casey (C),Formation Financial Services,0.0,"Level 1/64 Victor Cres, Narre Warren VIC 3805",,https://formationfs.com.au/,enquiries@formationfs.com.au,"35 002 976 294, 03 9125 7732, 140 176 021"
Melton (C),Homestead Financial Group,0.0,"2/11 Smith St, Melton VIC 3337",,http://homesteadfg.com.au/,enquiries@homesteadfg.com.au,"03 9741 8566, 92 092 983 394"
Melton (C),Intergenerational Wealth Melton,5.0,"12/10 Graham St, Melton VIC 3337",,https://www.igwealth.com.au/melton-financial-planning/,N/A,N/A
Melton (C),Snap Financial Solutions,5.0,"3 Oakpark Dr, Melton West VIC 3337",,https://www.snapfinancial.com.au/,info@snapfinancial.com.au,0433909480
Melton (C),Quality Finance Group,5.0,"304 High St, Melton VIC 3337",,https://qualityfg.smartonline.com.au/,N/A,"0404 636 237, 43 115 342 759"
Melton (C),Yellow Brick Road Melton,5.0,"2/51 Palmerston St, Melton VIC 3337",,https://ybr.com.au/mortgage-brokers/melton/,N/A,N/A
Surf Coast (S),Surf Coast Finance,5.0,"4/6 Gilbert St, Torquay VIC 3228",,http://www.surfcoastfinance.com.au/?utm_term=plcid_15578336485128566446,N/A,"48 638 340 753, 632 405 504"
Surf Coast (S),Surf Coast Wealth Management,5.0,"13 Grass Tree Ct, Torquay VIC 3228",,https://www.surfcoastwm.com.au/,N/A,"0410 123 200, 23 065 921 735, 32609869203"
Surf Coast (S),Surfcoast Financial,0.0,"29 Central Ave, Torquay VIC 3228",,https://www.surfcoastfinancial.com.au/,N/A,N/A
Surf Coast (S),Muirfield Financial Services Torquay,4.9,"Suite 11/4-6 Gilbert St, Torquay VIC 3228",,http://www.muirfieldfs.com.au/,N/A,1300 242 700
Surf Coast (S),Coastline Advice,4.9,"Suite 1/110 Surf Coast Hwy, Torquay VIC 3228",,http://www.coastlineadvice.com.au/,N/A,N/A
Surf Coast (S),South Coast Financial Services,0.0,"21 Skene St, Newtown VIC 3220",,,N/A,N/A
Surf Coast (S),Finspective,5.0,"7/110 Surf Coast Hwy, Torquay VIC 3228",,https://www.finspective.com.au/,hello@finspective.com.au,"99 613 597 523, 1300 319 377, 65 006 373 995, 87 630 987 370, 50 630 987 209"
Surf Coast (S),Fennell West | Financial Freedom Torquay,5.0,"Unit 5/110 Surf Coast Hwy, Torquay VIC 3228",,https://www.fennellwest.com.au/,N/A,N/A
Surf Coast (S),UFinancial Torquay,5.0,"95 Beach Rd, Torquay VIC 3228",,https://ufinancial.com.au/,N/A,N/A
Surf Coast (S),Forensic Finance Brokers,5.0,"Level 1 - Shop 8/16 Gilbert St, Torquay VIC 3228",,https://www.forensicfinancebrokers.com.au/,leo@forensicfinancebrokers.com.au,0499 992 318
Golden Plains (S),Financial Services Council,3.5,"Level 30, Suite 30.01, Level 30/9 Castlereagh St, Sydney NSW 2000",,https://www.fsc.org.au/,N/A,"82080744163, 0423 576 999"
Golden Plains (S),Maloney’s Financial Services,0.0,"Suite 1, Level 1/31 Newland St, Bondi Junction NSW 2022",,http://maloneysfinancialservices.com.au,N/A,N/A
Golden Plains (S),Full Financial Services,5.0,"Level 1/9 George St, North Strathfield NSW 2137",,http://www.fullfinancialservices.com.au/,N/A,1300 884 103
Golden Plains (S),Future Financial Services,5.0,"Shop 9/488-490 High St, Penrith NSW 2750",,https://futurefinancialservices.com.au/,N/A,"93 143 178 391, 1300 463 628, 47 097 797 049, 02 47048585"
Golden Plains (S),You Finance Adviser,5.0,"Suite 13, Level 1/50-52 Lyons Rd, Drummoyne NSW 2047",,http://yourfinanceadviser.com.au/,N/A,N/A
Golden Plains (S),Golden Plains Accountants + Advisors,5.0,"1/33 High St, Bannockburn VIC 3331",,http://www.gpaccountants.com.au/,info@gpaccountants.com.au,0439 712 890
Golden Plains (S),Ashton Campbell Financial Services Pty Ltd,0.0,"2/13 Spring Pl, Chatswood NSW 2067",,http://www.ashtoncampbell.com.au/,craig@ashtoncampbell.com.auPrivacyGeneral,65 006 373 995
Golden Plains (S),Pure Finance,4.9,"510/50 Holt St, Surry Hills NSW 2010",,https://www.purefinance.com.au/,N/A,N/A
Golden Plains (S),Astute Financial Bondi,5.0,"50 Clarence St, Sydney NSW 2000",,https://www.astutefinancial.com.au/bondi,bondi@astutefinancial.com.au,"0430 355 945, 59 622 582 236, 59 093 587 010, 93 161 647 007, 94 096 971 854"
Golden Plains (S),Kapitales Research - ASX Stock Recommendations,4.7,"Level 13 Suite 1A/465 Victoria Ave, Chatswood NSW 2067",,http://www.kapitales.com.au/,info@kapitales.com.au,"1800 005 780, 89 652 632 561"
Pyrenees (S),Financial Services Council,3.5,"Level 30, Suite 30.01, Level 30/9 Castlereagh St, Sydney NSW 2000",,https://www.fsc.org.au/,N/A,"82080744163, 0423 576 999"
Pyrenees (S),Australian Financial Planning Group (AFPG) Pty Ltd,4.8,"13/227 Elizabeth St, Sydney NSW 2000",,http://www.afpg.com.au/,N/A,"2021-05-18, 66 050 139 850, 1300 737 526, 1300737526"
Pyrenees (S),Financial Services Complaints Pty Ltd,0.0,"264 George St, Sydney NSW 2000",,http://financialservicescomplaints.com/,N/A,N/A
Pyrenees (S),IT Financial Services PTY Ltd.,4.5,"10 Carrington St, Sydney NSW 2000",,http://www.itfs.com.au/?section=x&page=contact,N/A,N/A
Pyrenees (S),Financial Services Partners,0.0,"Level 39, Australia Square 264-278 George Street Sydney NSW 2000",,,N/A,N/A
Pyrenees (S),PGD Financial Services,5.0,"Australia Square Plaza, L 9, Building, 87/95 Pitt St, Sydney NSW 2000",,http://pgdfs.com/,N/A,N/A
Pyrenees (S),Au Financial Pty Ltd,5.0,"Level 17/9 Castlereagh St, Sydney NSW 2000",,http://aufinancial.sydney/,support@aufinancial.sydneyConnect,"57 604 229 236, 89 051 208 327"
Pyrenees (S),Branded Financial Services Australia,2.8,"Quad 3, Suite 1.08, Level 1/102 Bennelong Pkwy, Sydney Olympic Park NSW 2127",,https://brandedfinancial.com.au/,N/A,"2024 - 2025, 1300 549 166, 27 004 013 334, 1800 007 007"
Pyrenees (S),Corporate Financial Services,1.0,"83 Mount St, North Sydney NSW 2060",,http://corporatefinancial.com.au/,N/A,N/A
Pyrenees (S),Professional Wealth Services,5.0,"Suite 3, Level 25/100 Miller St, North Sydney NSW 2060",,http://www.pws.net.au/,info@pws.net.au,"58 174 609 776, 1300 001 312"
Unincorporated Vic,State Financial Services Australia,5.0,"Level 3/480 Collins St, Melbourne VIC 3000",,http://www.statefinancial.com.au/,N/A,N/A
Unincorporated Vic,Diversified Financial Planners Pty Ltd,5.0,"Landmark Centre, Level 1/454-472 Nepean Hwy, Frankston VIC 3199",,http://www.diversifiedfp.com.au/,mail@diversifiedfp.com.au,"03 9770 6499, 03 5658 1020, 1300 157 173, 73 089 935 295, 89 051 208 327"
Unincorporated Vic,Melbourne Finance Services,5.0,"Suite 23/204 Dryburgh St, North Melbourne VIC 3051",,https://melbourne.finance/,hello@melbourne.finance,N/A
Unincorporated Vic,Rising Tide Financial Services,5.0,"Office 34/470 St Kilda Rd, Melbourne VIC 3004",,https://risingtidefinancial.com.au/,N/A,N/A
Unincorporated Vic,GBA Financial Services,0.0,"Level 5/111 Cecil St, South Melbourne VIC 3205",,http://www.gbafinancial.com.au/,N/A,N/A
Unincorporated Vic,Required Financial Services,5.0,"101 Victoria Ave, Albert Park VIC 3206",,http://www.required.com.au/,info@required.com.auRequired,27 007 261 083
Unincorporated Vic,UV financial services,5.0,"34 Avonbury Cct, Cranbourne West VIC 3977",,https://uvfinancial.com.au/?utm_source=Google&utm_medium=GMB,N/A,N/A
Unincorporated Vic,Southbank Financial Services Pty Ltd,0.0,"Suite 2/83 Station St, Fairfield VIC 3078",,,N/A,N/A
Unincorporated Vic,M.A. Financial Services Group,5.0,"Suite D21/63-85 Turner St, Port Melbourne VIC 3207",,,N/A,N/A
Unincorporated Vic,First Financial Melbourne,4.0,"level 9/90 Collins St, Melbourne VIC 3000",,https://firstfinancial.com.au/,N/A,"03 9909 5800, 15 167 177 817"
